MANDT,VBELN,POSNR,MATNR,WERKS,PSTYV,ABGRU,KWMENG,VRKME,MEINS,NETPR,NETWR,WAERK,PRCTR,ARKTX,EKGRP
500,ORD-001000000,000010,MAT-000365,PLNT-22,NORM,,136.0,ST,ST,0.01,1.36,ZBR,P80502308,Product MAT-000365,BXS
500,ORD-001000000,000020,MAT-000075,PLNT-12,NORM,,382.0,ST,ST,0.0,0.0,ZBR,P80121000,Product MAT-000075,BMI
500,ORD-001000001,000010,MAT-000442,PLNT-12,NORM,,113.0,ST,ST,0.0,0.0,ZBR,P80111000,Product MAT-000442,BMI
500,ORD-001000001,000020,MAT-004185,PLNT-30,NORM,,253.0,ST,ST,0.01,2.53,ZBR,PC-0222,Product MAT-004185,BD8
500,ORD-001000002,000010,MAT-003321,PLNT-11,NORM,,306.0,ST,ST,3000.0,918000.0,ZBR,PC-0716,Product MAT-003321,BXS
500,ORD-001000002,000020,MAT-004250,PLNT-32,NORM,,196.0,ST,ST,0.01,1.96,ZBR,PC-0212,Product MAT-004250,BD8
500,ORD-001000002,000030,MAT-003163,PLNT-20,NORM,,271.0,ST,ST,12948.8,3509124.8,ZBR,P80212000,Product MAT-003163,BMI
500,ORD-001000003,000010,MAT-004528,PLNT-40,NORM,,175.0,ST,ST,0.0,0.0,ZBR,P60100043,Product MAT-004528,BRL
500,ORD-001000003,000020,MAT-003970,PLNT-40,NORM,,223.0,ST,ST,0.1,22.3,ZBR,PC-0076,Product MAT-003970,BES
500,ORD-001000004,000010,MAT-000492,PLNT-12,NORM,,468.0,ST,ST,0.0,0.0,ZBR,P80124000,Product MAT-000492,BMI
500,ORD-001000005,000010,MAT-000037,PLNT-12,NORM,,277.0,ST,ST,0.01,2.77,ZBR,P80121000,Product MAT-000037,BMI
500,ORD-001000005,000020,MAT-004037,PLNT-04,NORM,,307.0,ST,ST,0.0,0.0,ZBR,P80125000,Product MAT-004037,
500,ORD-001000006,000010,MAT-003434,PLNT-36,NORM,,30.0,ST,ST,0.0,0.0,ZBR,PC-0076,Product MAT-003434,BES
500,ORD-001000006,000020,MAT-004593,PLNT-48,NORM,,485.0,ST,ST,100.0,48500.0,ZBR,PC-0475,Product MAT-004593,7EF
500,ORD-001000007,000010,MAT-000160,PLNT-12,NORM,,244.0,ST,ST,0.01,2.44,ZBR,P80124000,Product MAT-000160,BMI
500,ORD-001000008,000010,MAT-000076,PLNT-12,NORM,,354.0,ST,ST,0.01,3.54,ZBR,P80122001,Product MAT-000076,BMA
500,ORD-001000008,000020,MAT-003454,PLNT-01,NORM,,160.0,ST,ST,100.0,16000.0,ZBR,P80114003,Product MAT-003454,B91
500,ORD-001000008,000030,MAT-003481,PLNT-01,NORM,,333.0,ST,ST,100.0,33300.0,ZBR,P80114003,Product MAT-003481,7EF
500,ORD-001000009,000010,MAT-000417,PLNT-12,NORM,,302.0,ST,ST,0.0,0.0,ZBR,P80211000,Product MAT-000417,BMI
500,ORD-001000009,000020,MAT-000883,PLNT-43,NORM,,302.0,ST,ST,1028.27,310537.54,ZBR,PC-0238,Product MAT-000883,BGM
500,ORD-001000010,000010,MAT-000174,PLNT-12,NORM,,37.0,ST,ST,0.0,0.0,ZBR,P80124000,Product MAT-000174,BMA
500,ORD-001000011,000010,MAT-000187,PLNT-12,NORM,,296.0,ST,ST,0.0,0.0,ZBR,P80124000,Product MAT-000187,BMI
500,ORD-001000011,000020,MAT-000075,PLNT-12,NORM,,402.0,ST,ST,0.0,0.0,ZBR,P80121000,Product MAT-000075,BMI
500,ORD-001000011,000030,MAT-003374,PLNT-21,NORM,,98.0,UN,UN,0.0,0.0,ZBR,P80123002,Product MAT-003374,
500,ORD-001000012,000010,MAT-004017,PLNT-49,NORM,,335.0,ST,ST,0.0,0.0,ZBR,PC-0136,Product MAT-004017,
500,ORD-001000013,000010,MAT-000276,PLNT-16,NORM,,98.0,ST,ST,76.35,7482.3,ZBR,P80502306,Product MAT-000276,SRQ
500,ORD-001000014,000010,MAT-001009,PLNT-28,NORM,,414.0,ST,ST,4277.62,1770934.68,ZBR,PC-0212,Product MAT-001009,BD8
500,ORD-001000015,000010,MAT-004571,PLNT-41,NORM,,209.0,LE,LE,0.0,0.0,ZBR,PC-0603,Product MAT-004571,
500,ORD-001000016,000010,MAT-001008,PLNT-31,NORM,,475.0,ST,ST,6290.57,2988020.75,ZBR,PC-0212,Product MAT-001008,BD8
500,ORD-001000016,000020,MAT-004296,PLNT-24,NORM,,217.0,ST,ST,0.0,0.0,ZBR,P68307065,Product MAT-004296,BRK
500,ORD-001000017,000010,MAT-000090,PLNT-12,NORM,,278.0,ST,ST,0.0,0.0,ZBR,P80123001,Product MAT-000090,BMI
500,ORD-001000017,000020,MAT-004057,PLNT-24,NORM,,161.0,ST,ST,0.0,0.0,ZBR,P68301001,Product MAT-004057,79H
500,ORD-001000017,000030,MAT-000257,PLNT-17,NORM,,300.0,ST,ST,392.09,117627.0,ZBR,P80502308,Product MAT-000257,SRQ
500,ORD-001000018,000010,MAT-003254,PLNT-41,NORM,,305.0,ST,ST,0.0,0.0,ZBR,P60900085,Product MAT-003254,
500,ORD-001000019,000010,MAT-004306,PLNT-34,NORM,,305.0,ST,ST,0.01,3.05,ZBR,PC-0209,Product MAT-004306,BD8
500,ORD-001000020,000010,MAT-001008,PLNT-31,NORM,,105.0,ST,ST,6290.57,660509.85,ZBR,PC-0212,Product MAT-001008,BD8
500,ORD-001000020,000020,MAT-003434,PLNT-36,NORM,,136.0,ST,ST,0.0,0.0,ZBR,PC-0076,Product MAT-003434,BES
500,ORD-001000021,000010,MAT-000348,PLNT-12,NORM,,319.0,ST,ST,0.01,3.19,ZBR,P80221000,Product MAT-000348,BMI
500,ORD-001000022,000010,MAT-003254,PLNT-41,NORM,,451.0,ST,ST,0.0,0.0,ZBR,P60900085,Product MAT-003254,
500,ORD-001000022,000020,MAT-000181,PLNT-12,NORM,,146.0,ST,ST,0.01,1.46,ZBR,P80124000,Product MAT-000181,BMI
500,ORD-001000023,000010,MAT-000096,PLNT-12,NORM,,154.0,ST,ST,0.01,1.54,ZBR,P80123002,Product MAT-000096,BMA
500,ORD-001000023,000020,MAT-000347,PLNT-08,NORM,,136.0,ST,ST,42760.03,5815364.08,ZBR,P80112001,Product MAT-000347,BMI
500,ORD-001000023,000030,MAT-004498,PLNT-41,NORM,,381.0,LE,LE,0.0,0.0,ZBR,P60100043,Product MAT-004498,BRL
500,ORD-001000024,000010,MAT-000607,PLNT-12,NORM,,325.0,ST,ST,0.01,3.25,ZBR,P80211000,Product MAT-000607,BMI
500,ORD-001000025,000010,MAT-001578,PLNT-46,NORM,,2.0,ST,ST,12732.11,25464.22,ZBR,PC-0135,Product MAT-001578,BDC
500,ORD-001000025,000020,MAT-000294,PLNT-12,NORM,,327.0,ST,ST,0.01,3.27,ZBR,P80121000,Product MAT-000294,BMI
500,ORD-001000026,000010,MAT-003147,PLNT-43,NORM,,484.0,ST,ST,514.2,248872.8,ZBR,PC-0135,Product MAT-003147,ALP
500,ORD-001000027,000010,MAT-001578,PLNT-46,NORM,,158.0,ST,ST,12732.11,2011673.38,ZBR,PC-0135,Product MAT-001578,BDC
500,ORD-001000028,000010,MAT-003343,PLNT-43,NORM,,453.0,ST,ST,357.27,161843.31,ZBR,PC-0238,Product MAT-003343,BDC
500,ORD-001000028,000020,MAT-004275,PLNT-31,NORM,,384.0,ST,ST,0.0,0.0,ZBR,PC-0209,Product MAT-004275,BDI
500,ORD-001000029,000010,MAT-003374,PLNT-21,NORM,,411.0,UN,UN,0.0,0.0,ZBR,P80123002,Product MAT-003374,
500,ORD-001000029,000020,MAT-000580,PLNT-12,NORM,,82.0,ST,ST,0.01,0.82,ZBR,P80124000,Product MAT-000580,BMI
500,ORD-001000030,000010,MAT-000985,PLNT-31,NORM,,421.0,ST,ST,13276.15,5589259.15,ZBR,PC-0209,Product MAT-000985,BDH
500,ORD-001000030,000020,MAT-000195,PLNT-12,NORM,,13.0,ST,ST,0.0,0.0,ZBR,P80124000,Product MAT-000195,BMI
500,ORD-001000031,000010,MAT-004528,PLNT-40,NORM,,261.0,ST,ST,0.0,0.0,ZBR,P60100043,Product MAT-004528,BRL
500,ORD-001000031,000020,MAT-004017,PLNT-49,NORM,,432.0,ST,ST,0.0,0.0,ZBR,PC-0136,Product MAT-004017,
500,ORD-001000032,000010,MAT-004498,PLNT-41,NORM,,306.0,LE,LE,0.0,0.0,ZBR,P60100043,Product MAT-004498,BRL
500,ORD-001000033,000010,MAT-000187,PLNT-12,NORM,,98.0,ST,ST,0.0,0.0,ZBR,P80124000,Product MAT-000187,BMI
500,ORD-001000033,000020,MAT-001578,PLNT-46,NORM,,363.0,ST,ST,12732.11,4621755.93,ZBR,PC-0135,Product MAT-001578,BDC
500,ORD-001000034,000010,MAT-003481,PLNT-01,NORM,,101.0,ST,ST,100.0,10100.0,ZBR,P80114003,Product MAT-003481,7EF
500,ORD-001000034,000020,MAT-000212,PLNT-12,NORM,,36.0,ST,ST,0.0,0.0,ZBR,P80221000,Product MAT-000212,BMI
500,ORD-001000034,000030,MAT-004275,PLNT-31,NORM,,161.0,ST,ST,0.0,0.0,ZBR,PC-0209,Product MAT-004275,BDI
500,ORD-001000035,000010,MAT-004585,PLNT-41,NORM,,152.0,SD,SD,100.0,15200.0,ZBR,PC-0455,Product MAT-004585,7EF
500,ORD-001000035,000020,MAT-000294,PLNT-12,NORM,,99.0,ST,ST,0.01,0.99,ZBR,P80121000,Product MAT-000294,BMI
500,ORD-001000036,000010,MAT-004307,PLNT-43,NORM,,208.0,ST,ST,0.01,2.08,ZBR,PC-0209,Product MAT-004307,BD8
500,ORD-001000036,000020,MAT-004037,PLNT-04,NORM,,156.0,ST,ST,0.0,0.0,ZBR,P80125000,Product MAT-004037,
500,ORD-001000036,000030,MAT-004295,PLNT-49,NORM,,221.0,ST,ST,0.0,0.0,ZBR,PC-0123,Product MAT-004295,BEA
500,ORD-001000037,000010,MAT-003444,PLNT-39,NORM,,407.0,ST,ST,0.01,4.07,ZBR,PC-0083,Product MAT-003444,
500,ORD-001000037,000020,MAT-000160,PLNT-12,NORM,,44.0,ST,ST,0.01,0.44,ZBR,P80124000,Product MAT-000160,BMI
500,ORD-001000037,000030,MAT-004185,PLNT-30,NORM,,340.0,ST,ST,0.01,3.4,ZBR,PC-0222,Product MAT-004185,BD8
500,ORD-001000038,000010,MAT-000260,PLNT-16,NORM,,76.0,UN,UN,3.64,276.64,ZBR,P80502306,Product MAT-000260,
500,ORD-001000039,000010,MAT-003479,PLNT-36,NORM,,454.0,ST,ST,11111.0,5044394.0,ZBR,PC-0076,Product MAT-003479,BES
500,ORD-001000039,000020,MAT-000187,PLNT-12,NORM,,100.0,ST,ST,0.0,0.0,ZBR,P80124000,Product MAT-000187,BMI
500,ORD-001000040,000010,MAT-003321,PLNT-11,NORM,,113.0,ST,ST,3000.0,339000.0,ZBR,PC-0716,Product MAT-003321,BXS
500,ORD-001000041,000010,MAT-000348,PLNT-12,NORM,,69.0,ST,ST,0.01,0.69,ZBR,P80221000,Product MAT-000348,BMI
500,ORD-001000042,000010,MAT-003102,PLNT-31,NORM,,418.0,ST,ST,0.01,4.18,ZBR,P60900085,Product MAT-003102,BDI
500,ORD-001000042,000020,MAT-003321,PLNT-11,NORM,,426.0,ST,ST,3000.0,1278000.0,ZBR,PC-0716,Product MAT-003321,BXS
500,ORD-001000043,000010,MAT-000385,PLNT-12,NORM,,142.0,ST,ST,0.0,0.0,ZBR,P80124000,Product MAT-000385,BMI
500,ORD-001000044,000010,MAT-000580,PLNT-12,NORM,,172.0,ST,ST,0.01,1.72,ZBR,P80124000,Product MAT-000580,BMI
500,ORD-001000045,000010,MAT-003441,PLNT-47,NORM,,110.0,ST,ST,8289.8,911878.0,ZBR,PC-0085,Product MAT-003441,BFX
500,ORD-001000046,000010,MAT-003479,PLNT-36,NORM,,200.0,ST,ST,11111.0,2222200.0,ZBR,PC-0076,Product MAT-003479,BES
500,ORD-001000047,000010,MAT-004250,PLNT-32,NORM,,437.0,ST,ST,0.01,4.37,ZBR,PC-0212,Product MAT-004250,BD8
500,ORD-001000047,000020,MAT-000135,PLNT-12,NORM,,383.0,ST,ST,0.01,3.83,ZBR,P80124000,Product MAT-000135,BMI
500,ORD-001000048,000010,MAT-004250,PLNT-32,NORM,,173.0,ST,ST,0.01,1.73,ZBR,PC-0212,Product MAT-004250,BD8
500,ORD-001000049,000010,MAT-000016,PLNT-12,NORM,,304.0,ST,ST,0.0,0.0,ZBR,P80221000,Product MAT-000016,BMA
500,ORD-001000050,000010,MAT-000257,PLNT-17,NORM,,134.0,ST,ST,392.09,52540.06,ZBR,P80502308,Product MAT-000257,SRQ
500,ORD-001000051,000010,MAT-003479,PLNT-36,NORM,,130.0,ST,ST,11111.0,1444430.0,ZBR,PC-0076,Product MAT-003479,BES
500,ORD-001000051,000020,MAT-003444,PLNT-39,NORM,,10.0,ST,ST,0.01,0.1,ZBR,PC-0083,Product MAT-003444,
500,ORD-001000052,000010,MAT-004332,PLNT-50,NORM,,487.0,LE,LE,0.0,0.0,ZBR,PC-0074,Product MAT-004332,B9P
500,ORD-001000053,000010,MAT-003359,PLNT-16,NORM,,289.0,ST,ST,0.01,2.89,ZBR,P80502308,Product MAT-003359,BXS
500,ORD-001000053,000020,MAT-003163,PLNT-20,NORM,,359.0,ST,ST,12948.8,4648619.2,ZBR,P80212000,Product MAT-003163,BMI
500,ORD-001000053,000030,MAT-000181,PLNT-12,NORM,,86.0,ST,ST,0.01,0.86,ZBR,P80124000,Product MAT-000181,BMI
500,ORD-001000054,000010,MAT-000187,PLNT-12,NORM,,347.0,ST,ST,0.0,0.0,ZBR,P80124000,Product MAT-000187,BMI
500,ORD-001000054,000020,MAT-000016,PLNT-12,NORM,,483.0,ST,ST,0.0,0.0,ZBR,P80221000,Product MAT-000016,BMA
500,ORD-001000055,000010,MAT-003298,PLNT-41,NORM,,413.0,ST,ST,5738.77,2370112.01,ZBR,PC-0243,Product MAT-003298,BDC
500,ORD-001000055,000020,MAT-004593,PLNT-48,NORM,,401.0,ST,ST,100.0,40100.0,ZBR,PC-0475,Product MAT-004593,7EF
500,ORD-001000055,000030,MAT-000239,PLNT-16,NORM,,273.0,ST,ST,512.36,139874.28,ZBR,P80502308,Product MAT-000239,BXS
500,ORD-001000056,000010,MAT-004291,PLNT-31,NORM,,55.0,ST,ST,0.0,0.0,ZBR,PC-0222,Product MAT-004291,BD8
500,ORD-001000056,000020,MAT-000442,PLNT-12,NORM,,326.0,ST,ST,0.0,0.0,ZBR,P80111000,Product MAT-000442,BMI
500,ORD-001000057,000010,MAT-003102,PLNT-31,NORM,,414.0,ST,ST,0.01,4.14,ZBR,P60900085,Product MAT-003102,BDI
500,ORD-001000057,000020,MAT-004282,PLNT-49,NORM,,239.0,ST,ST,0.0,0.0,ZBR,PC-0191,Product MAT-004282,BD9
500,ORD-001000058,000010,MAT-003111,PLNT-49,NORM,,125.0,ST,ST,1895.19,236898.75,ZBR,PC-0135,Product MAT-003111,BDC
500,ORD-001000058,000020,MAT-004593,PLNT-48,NORM,,313.0,ST,ST,100.0,31300.0,ZBR,PC-0475,Product MAT-004593,7EF
500,ORD-001000059,000010,MAT-001008,PLNT-31,NORM,,175.0,ST,ST,6290.57,1100849.75,ZBR,PC-0212,Product MAT-001008,BD8
500,ORD-001000059,000020,MAT-003298,PLNT-41,NORM,,360.0,ST,ST,5738.77,2065957.2,ZBR,PC-0243,Product MAT-003298,BDC
500,ORD-001000060,000010,MAT-004291,PLNT-31,NORM,,285.0,ST,ST,0.0,0.0,ZBR,PC-0222,Product MAT-004291,BD8
500,ORD-001000060,000020,MAT-000532,PLNT-12,NORM,,244.0,ST,ST,0.0,0.0,ZBR,P80211000,Product MAT-000532,BMI
500,ORD-001000061,000010,MAT-003120,PLNT-14,NORM,,355.0,ST,ST,1748.1,620575.5,ZBR,P80124000,Product MAT-003120,BC9
500,ORD-001000062,000010,MAT-000096,PLNT-12,NORM,,170.0,ST,ST,0.01,1.7,ZBR,P80123002,Product MAT-000096,BMA
500,ORD-001000062,000020,MAT-004585,PLNT-41,NORM,,233.0,SD,SD,100.0,23300.0,ZBR,PC-0455,Product MAT-004585,7EF
500,ORD-001000062,000030,MAT-000985,PLNT-31,NORM,,129.0,ST,ST,13276.15,1712623.35,ZBR,PC-0209,Product MAT-000985,BDH
500,ORD-001000063,000010,MAT-003551,PLNT-01,NORM,,99.0,ST,ST,100.0,9900.0,ZBR,P80114003,Product MAT-003551,B9U
500,ORD-001000063,000020,MAT-000090,PLNT-12,NORM,,248.0,ST,ST,0.0,0.0,ZBR,P80123001,Product MAT-000090,BMI
500,ORD-001000063,000030,MAT-001516,PLNT-31,NORM,,302.0,ST,ST,14944.5,4513239.0,ZBR,PC-0222,Product MAT-001516,BD8
500,ORD-001000064,000010,MAT-004307,PLNT-43,NORM,,8.0,ST,ST,0.01,0.08,ZBR,PC-0209,Product MAT-004307,BD8
500,ORD-001000065,000010,MAT-000385,PLNT-12,NORM,,445.0,ST,ST,0.0,0.0,ZBR,P80124000,Product MAT-000385,BMI
500,ORD-001000066,000010,MAT-003551,PLNT-01,NORM,,495.0,ST,ST,100.0,49500.0,ZBR,P80114003,Product MAT-003551,B9U
500,ORD-001000066,000020,MAT-000261,PLNT-17,NORM,,482.0,ST,ST,1719.7,828895.4,ZBR,P80502306,Product MAT-000261,SRQ
500,ORD-001000067,000010,MAT-000257,PLNT-17,NORM,,78.0,ST,ST,392.09,30583.02,ZBR,P80502308,Product MAT-000257,SRQ
500,ORD-001000067,000020,MAT-004593,PLNT-48,NORM,,486.0,ST,ST,100.0,48600.0,ZBR,PC-0475,Product MAT-004593,7EF
500,ORD-001000067,000030,MAT-004299,PLNT-25,NORM,,128.0,ST,ST,0.0,0.0,ZBR,P68301015,Product MAT-004299,BRK
500,ORD-001000068,000010,MAT-003122,PLNT-31,NORM,,231.0,ST,ST,1139.52,263229.12,ZBR,PC-0212,Product MAT-003122,BDI
500,ORD-001000068,000020,MAT-004307,PLNT-43,NORM,,441.0,ST,ST,0.01,4.41,ZBR,PC-0209,Product MAT-004307,BD8
500,ORD-001000068,000030,MAT-003321,PLNT-11,NORM,,157.0,ST,ST,3000.0,471000.0,ZBR,PC-0716,Product MAT-003321,BXS
500,ORD-001000069,000010,MAT-004466,PLNT-37,NORM,,109.0,ST,ST,1.0,109.0,ZBR,PC-0086,Product MAT-004466,BEA
500,ORD-001000070,000010,MAT-004037,PLNT-04,NORM,,210.0,ST,ST,0.0,0.0,ZBR,P80125000,Product MAT-004037,
500,ORD-001000071,000010,MAT-004585,PLNT-41,NORM,,441.0,SD,SD,100.0,44100.0,ZBR,PC-0455,Product MAT-004585,7EF
500,ORD-001000071,000020,MAT-003147,PLNT-43,NORM,,352.0,ST,ST,514.2,180998.4,ZBR,PC-0135,Product MAT-003147,ALP
500,ORD-001000072,000010,MAT-000580,PLNT-12,NORM,,424.0,ST,ST,0.01,4.24,ZBR,P80124000,Product MAT-000580,BMI
500,ORD-001000073,000010,MAT-004296,PLNT-24,NORM,,225.0,ST,ST,0.0,0.0,ZBR,P68307065,Product MAT-004296,BRK
500,ORD-001000073,000020,MAT-003163,PLNT-20,NORM,,353.0,ST,ST,12948.8,4570926.4,ZBR,P80212000,Product MAT-003163,BMI
500,ORD-001000073,000030,MAT-004585,PLNT-41,NORM,,207.0,SD,SD,100.0,20700.0,ZBR,PC-0455,Product MAT-004585,7EF
500,ORD-001000074,000010,MAT-000470,PLNT-12,NORM,,310.0,ST,ST,0.0,0.0,ZBR,P80124000,Product MAT-000470,BMI
500,ORD-001000074,000020,MAT-004332,PLNT-50,NORM,,47.0,LE,LE,0.0,0.0,ZBR,PC-0074,Product MAT-004332,B9P
500,ORD-001000074,000030,MAT-004017,PLNT-49,NORM,,429.0,ST,ST,0.0,0.0,ZBR,PC-0136,Product MAT-004017,
500,ORD-001000075,000010,MAT-003444,PLNT-39,NORM,,266.0,ST,ST,0.01,2.66,ZBR,PC-0083,Product MAT-003444,
500,ORD-001000076,000010,MAT-003446,PLNT-16,NORM,,241.0,UN,UN,1.0,241.0,ZBR,P80502308,Product MAT-003446,
500,ORD-001000076,000020,MAT-003374,PLNT-21,NORM,,171.0,UN,UN,0.0,0.0,ZBR,P80123002,Product MAT-003374,
500,ORD-001000077,000010,MAT-000160,PLNT-12,NORM,,484.0,ST,ST,0.01,4.84,ZBR,P80124000,Product MAT-000160,BMI
500,ORD-001000077,000020,MAT-000096,PLNT-12,NORM,,19.0,ST,ST,0.01,0.19,ZBR,P80123002,Product MAT-000096,BMA
500,ORD-001000078,000010,MAT-004185,PLNT-30,NORM,,423.0,ST,ST,0.01,4.23,ZBR,PC-0222,Product MAT-004185,BD8
500,ORD-001000078,000020,MAT-000160,PLNT-12,NORM,,446.0,ST,ST,0.01,4.46,ZBR,P80124000,Product MAT-000160,BMI
500,ORD-001000079,000010,MAT-004466,PLNT-37,NORM,,227.0,ST,ST,1.0,227.0,ZBR,PC-0086,Product MAT-004466,BEA
500,ORD-001000079,000020,MAT-004295,PLNT-49,NORM,,137.0,ST,ST,0.0,0.0,ZBR,PC-0123,Product MAT-004295,BEA
500,ORD-001000080,000010,MAT-004580,PLNT-26,NORM,,410.0,LE,LE,100.0,41000.0,ZBR,P68306045,Product MAT-004580,B9P
500,ORD-001000080,000020,MAT-003441,PLNT-47,NORM,,82.0,ST,ST,8289.8,679763.6,ZBR,PC-0085,Product MAT-003441,BFX
500,ORD-001000080,000030,MAT-000096,PLNT-12,NORM,,8.0,ST,ST,0.01,0.08,ZBR,P80123002,Product MAT-000096,BMA
500,ORD-001000081,000010,MAT-004014,PLNT-24,NORM,,256.0,ST,ST,1.0,256.0,ZBR,P68307064,Product MAT-004014,
500,ORD-001000081,000020,MAT-004185,PLNT-30,NORM,,362.0,ST,ST,0.01,3.62,ZBR,PC-0222,Product MAT-004185,BD8
500,ORD-001000081,000030,MAT-003479,PLNT-36,NORM,,428.0,ST,ST,11111.0,4755508.0,ZBR,PC-0076,Product MAT-003479,BES
500,ORD-001000082,000010,MAT-004185,PLNT-30,NORM,,383.0,ST,ST,0.01,3.83,ZBR,PC-0222,Product MAT-004185,BD8
500,ORD-001000082,000020,MAT-003254,PLNT-41,NORM,,142.0,ST,ST,0.0,0.0,ZBR,P60900085,Product MAT-003254,
500,ORD-001000082,000030,MAT-000994,PLNT-33,NORM,,479.0,ST,ST,3128.37,1498489.23,ZBR,PC-0209,Product MAT-000994,CS1
500,ORD-001000083,000010,MAT-000160,PLNT-12,NORM,,251.0,ST,ST,0.01,2.51,ZBR,P80124000,Product MAT-000160,BMI
500,ORD-001000083,000020,MAT-003111,PLNT-49,NORM,,276.0,ST,ST,1895.19,523072.44,ZBR,PC-0135,Product MAT-003111,BDC
500,ORD-001000083,000030,MAT-000239,PLNT-16,NORM,,171.0,ST,ST,512.36,87613.56,ZBR,P80502308,Product MAT-000239,BXS
500,ORD-001000084,000010,MAT-000187,PLNT-12,NORM,,197.0,ST,ST,0.0,0.0,ZBR,P80124000,Product MAT-000187,BMI
500,ORD-001000085,000010,MAT-004250,PLNT-32,NORM,,340.0,ST,ST,0.01,3.4,ZBR,PC-0212,Product MAT-004250,BD8
500,ORD-001000085,000020,MAT-004014,PLNT-24,NORM,,254.0,ST,ST,1.0,254.0,ZBR,P68307064,Product MAT-004014,
500,ORD-001000086,000010,MAT-004236,PLNT-31,NORM,,270.0,ST,ST,0.01,2.7,ZBR,PC-0212,Product MAT-004236,BD8
500,ORD-001000086,000020,MAT-004581,PLNT-48,NORM,,370.0,ST,ST,100.0,37000.0,ZBR,PC-0070,Product MAT-004581,B9I
500,ORD-001000087,000010,MAT-004275,PLNT-31,NORM,,355.0,ST,ST,0.0,0.0,ZBR,PC-0209,Product MAT-004275,BDI
500,ORD-001000087,000020,MAT-000884,PLNT-33,NORM,,42.0,ST,ST,9046.13,379937.46,ZBR,PC-0209,Product MAT-000884,CS1
500,ORD-001000088,000010,MAT-000885,PLNT-31,NORM,,19.0,ST,ST,6420.73,121993.87,ZBR,PC-0192,Product MAT-000885,BD8
500,ORD-001000088,000020,MAT-003254,PLNT-41,NORM,,121.0,ST,ST,0.0,0.0,ZBR,P60900085,Product MAT-003254,
500,ORD-001000089,000010,MAT-003441,PLNT-47,NORM,,447.0,ST,ST,8289.8,3705540.6,ZBR,PC-0085,Product MAT-003441,BFX
500,ORD-001000089,000020,MAT-001009,PLNT-28,NORM,,86.0,ST,ST,4277.62,367875.32,ZBR,PC-0212,Product MAT-001009,BD8
500,ORD-001000089,000030,MAT-004332,PLNT-50,NORM,,24.0,LE,LE,0.0,0.0,ZBR,PC-0074,Product MAT-004332,B9P
500,ORD-001000090,000010,MAT-003374,PLNT-21,NORM,,290.0,UN,UN,0.0,0.0,ZBR,P80123002,Product MAT-003374,
500,ORD-001000090,000020,MAT-004571,PLNT-41,NORM,,90.0,LE,LE,0.0,0.0,ZBR,PC-0603,Product MAT-004571,
500,ORD-001000090,000030,MAT-003102,PLNT-31,NORM,,446.0,ST,ST,0.01,4.46,ZBR,P60900085,Product MAT-003102,BDI
500,ORD-001000091,000010,MAT-000261,PLNT-17,NORM,,236.0,ST,ST,1719.7,405849.2,ZBR,P80502306,Product MAT-000261,SRQ
500,ORD-001000091,000020,MAT-003481,PLNT-01,NORM,,5.0,ST,ST,100.0,500.0,ZBR,P80114003,Product MAT-003481,7EF
500,ORD-001000091,000030,MAT-004296,PLNT-24,NORM,,347.0,ST,ST,0.0,0.0,ZBR,P68307065,Product MAT-004296,BRK
500,ORD-001000092,000010,MAT-003321,PLNT-11,NORM,,354.0,ST,ST,3000.0,1062000.0,ZBR,PC-0716,Product MAT-003321,BXS
500,ORD-001000092,000020,MAT-000348,PLNT-12,NORM,,433.0,ST,ST,0.01,4.33,ZBR,P80221000,Product MAT-000348,BMI
500,ORD-001000092,000030,MAT-000260,PLNT-16,NORM,,197.0,UN,UN,3.64,717.08,ZBR,P80502306,Product MAT-000260,
500,ORD-001000093,000010,MAT-003970,PLNT-40,NORM,,12.0,ST,ST,0.1,1.2,ZBR,PC-0076,Product MAT-003970,BES
500,ORD-001000093,000020,MAT-000241,PLNT-16,NORM,,5.0,ST,ST,540.2,2701.0,ZBR,P80502308,Product MAT-000241,BXS
500,ORD-001000093,000030,MAT-000607,PLNT-12,NORM,,399.0,ST,ST,0.01,3.99,ZBR,P80211000,Product MAT-000607,BMI
500,ORD-001000094,000010,MAT-000195,PLNT-12,NORM,,326.0,ST,ST,0.0,0.0,ZBR,P80124000,Product MAT-000195,BMI
500,ORD-001000094,000020,MAT-004275,PLNT-31,NORM,,129.0,ST,ST,0.0,0.0,ZBR,PC-0209,Product MAT-004275,BDI
500,ORD-001000095,000010,MAT-004018,PLNT-43,NORM,,297.0,LE,LE,65.0,19305.0,ZBR,PC-0159,Product MAT-004018,
500,ORD-001000095,000020,MAT-000076,PLNT-12,NORM,,68.0,ST,ST,0.01,0.68,ZBR,P80122001,Product MAT-000076,BMA
500,ORD-001000096,000010,MAT-000442,PLNT-12,NORM,,272.0,ST,ST,0.0,0.0,ZBR,P80111000,Product MAT-000442,BMI
500,ORD-001000096,000020,MAT-000580,PLNT-12,NORM,,426.0,ST,ST,0.01,4.26,ZBR,P80124000,Product MAT-000580,BMI
500,ORD-001000096,000030,MAT-000261,PLNT-17,NORM,,468.0,ST,ST,1719.7,804819.6,ZBR,P80502306,Product MAT-000261,SRQ
500,ORD-001000097,000010,MAT-004017,PLNT-49,NORM,,371.0,ST,ST,0.0,0.0,ZBR,PC-0136,Product MAT-004017,
500,ORD-001000098,000010,MAT-000401,PLNT-12,NORM,,233.0,ST,ST,0.0,0.0,ZBR,P80111000,Product MAT-000401,BMI
500,ORD-001000098,000020,MAT-004017,PLNT-49,NORM,,384.0,ST,ST,0.0,0.0,ZBR,PC-0136,Product MAT-004017,
500,ORD-001000098,000030,MAT-004306,PLNT-34,NORM,,196.0,ST,ST,0.01,1.96,ZBR,PC-0209,Product MAT-004306,BD8
500,ORD-001000099,000010,MAT-000470,PLNT-12,NORM,,469.0,ST,ST,0.0,0.0,ZBR,P80124000,Product MAT-000470,BMI
500,ORD-001000099,000020,MAT-000195,PLNT-12,NORM,,332.0,ST,ST,0.0,0.0,ZBR,P80124000,Product MAT-000195,BMI
500,ORD-001000099,000030,MAT-000385,PLNT-12,NORM,,422.0,ST,ST,0.0,0.0,ZBR,P80124000,Product MAT-000385,BMI
500,ORD-001000100,000010,MAT-004307,PLNT-43,NORM,,253.0,ST,ST,0.01,2.53,ZBR,PC-0209,Product MAT-004307,BD8
500,ORD-001000101,000010,MAT-004057,PLNT-24,NORM,,357.0,ST,ST,0.0,0.0,ZBR,P68301001,Product MAT-004057,79H
500,ORD-001000101,000020,MAT-003479,PLNT-36,NORM,,301.0,ST,ST,11111.0,3344411.0,ZBR,PC-0076,Product MAT-003479,BES
500,ORD-001000101,000030,MAT-003479,PLNT-36,NORM,,336.0,ST,ST,11111.0,3733296.0,ZBR,PC-0076,Product MAT-003479,BES
500,ORD-001000102,000010,MAT-001009,PLNT-28,NORM,,487.0,ST,ST,4277.62,2083200.94,ZBR,PC-0212,Product MAT-001009,BD8
500,ORD-001000102,000020,MAT-000442,PLNT-12,NORM,,51.0,ST,ST,0.0,0.0,ZBR,P80111000,Product MAT-000442,BMI
500,ORD-001000103,000010,MAT-003446,PLNT-16,NORM,,340.0,UN,UN,1.0,340.0,ZBR,P80502308,Product MAT-003446,
500,ORD-001000103,000020,MAT-004528,PLNT-40,NORM,,328.0,ST,ST,0.0,0.0,ZBR,P60100043,Product MAT-004528,BRL
500,ORD-001000104,000010,MAT-004295,PLNT-49,NORM,,36.0,ST,ST,0.0,0.0,ZBR,PC-0123,Product MAT-004295,BEA
500,ORD-001000104,000020,MAT-004295,PLNT-49,NORM,,301.0,ST,ST,0.0,0.0,ZBR,PC-0123,Product MAT-004295,BEA
500,ORD-001000104,000030,MAT-000883,PLNT-43,NORM,,169.0,ST,ST,1028.27,173777.63,ZBR,PC-0238,Product MAT-000883,BGM
500,ORD-001000105,000010,MAT-000073,PLNT-12,NORM,,57.0,ST,ST,0.0,0.0,ZBR,P80221000,Product MAT-000073,BMI
500,ORD-001000105,000020,MAT-000294,PLNT-12,NORM,,8.0,ST,ST,0.01,0.08,ZBR,P80121000,Product MAT-000294,BMI
500,ORD-001000106,000010,MAT-003479,PLNT-36,NORM,,270.0,ST,ST,11111.0,2999970.0,ZBR,PC-0076,Product MAT-003479,BES
500,ORD-001000106,000020,MAT-004057,PLNT-24,NORM,,33.0,ST,ST,0.0,0.0,ZBR,P68301001,Product MAT-004057,79H
500,ORD-001000106,000030,MAT-003111,PLNT-49,NORM,,399.0,ST,ST,1895.19,756180.81,ZBR,PC-0135,Product MAT-003111,BDC
500,ORD-001000107,000010,MAT-000076,PLNT-12,NORM,,402.0,ST,ST,0.01,4.02,ZBR,P80122001,Product MAT-000076,BMA
500,ORD-001000108,000010,MAT-003321,PLNT-11,NORM,,352.0,ST,ST,3000.0,1056000.0,ZBR,PC-0716,Product MAT-003321,BXS
500,ORD-001000108,000020,MAT-004291,PLNT-31,NORM,,365.0,ST,ST,0.0,0.0,ZBR,PC-0222,Product MAT-004291,BD8
500,ORD-001000109,000010,MAT-004275,PLNT-31,NORM,,325.0,ST,ST,0.0,0.0,ZBR,PC-0209,Product MAT-004275,BDI
500,ORD-001000109,000020,MAT-000096,PLNT-12,NORM,,365.0,ST,ST,0.01,3.65,ZBR,P80123002,Product MAT-000096,BMA
500,ORD-001000110,000010,MAT-004585,PLNT-41,NORM,,59.0,SD,SD,100.0,5900.0,ZBR,PC-0455,Product MAT-004585,7EF
500,ORD-001000111,000010,MAT-000348,PLNT-12,NORM,,205.0,ST,ST,0.01,2.05,ZBR,P80221000,Product MAT-000348,BMI
500,ORD-001000111,000020,MAT-000076,PLNT-12,NORM,,49.0,ST,ST,0.01,0.49,ZBR,P80122001,Product MAT-000076,BMA
500,ORD-001000112,000010,MAT-003444,PLNT-39,NORM,,35.0,ST,ST,0.01,0.35,ZBR,PC-0083,Product MAT-003444,
500,ORD-001000112,000020,MAT-004299,PLNT-25,NORM,,48.0,ST,ST,0.0,0.0,ZBR,P68301015,Product MAT-004299,BRK
500,ORD-001000112,000030,MAT-004236,PLNT-31,NORM,,382.0,ST,ST,0.01,3.82,ZBR,PC-0212,Product MAT-004236,BD8
500,ORD-001000113,000010,MAT-003374,PLNT-21,NORM,,182.0,UN,UN,0.0,0.0,ZBR,P80123002,Product MAT-003374,
500,ORD-001000114,000010,MAT-000492,PLNT-12,NORM,,109.0,ST,ST,0.0,0.0,ZBR,P80124000,Product MAT-000492,BMI
500,ORD-001000114,000020,MAT-000160,PLNT-12,NORM,,247.0,ST,ST,0.01,2.47,ZBR,P80124000,Product MAT-000160,BMI
500,ORD-001000114,000030,MAT-004498,PLNT-41,NORM,,180.0,LE,LE,0.0,0.0,ZBR,P60100043,Product MAT-004498,BRL
500,ORD-001000115,000010,MAT-004275,PLNT-31,NORM,,315.0,ST,ST,0.0,0.0,ZBR,PC-0209,Product MAT-004275,BDI
500,ORD-001000115,000020,MAT-003343,PLNT-43,NORM,,14.0,ST,ST,357.27,5001.78,ZBR,PC-0238,Product MAT-003343,BDC
500,ORD-001000115,000030,MAT-000160,PLNT-12,NORM,,425.0,ST,ST,0.01,4.25,ZBR,P80124000,Product MAT-000160,BMI
500,ORD-001000116,000010,MAT-004037,PLNT-04,NORM,,93.0,ST,ST,0.0,0.0,ZBR,P80125000,Product MAT-004037,
500,ORD-001000116,000020,MAT-004593,PLNT-48,NORM,,337.0,ST,ST,100.0,33700.0,ZBR,PC-0475,Product MAT-004593,7EF
500,ORD-001000117,000010,MAT-000035,PLNT-12,NORM,,111.0,ST,ST,0.0,0.0,ZBR,P80122001,Product MAT-000035,BMI
500,ORD-001000117,000020,MAT-003479,PLNT-36,NORM,,233.0,ST,ST,11111.0,2588863.0,ZBR,PC-0076,Product MAT-003479,BES
500,ORD-001000117,000030,MAT-000037,PLNT-12,NORM,,190.0,ST,ST,0.01,1.9,ZBR,P80121000,Product MAT-000037,BMI
500,ORD-001000118,000010,MAT-000037,PLNT-12,NORM,,387.0,ST,ST,0.01,3.87,ZBR,P80121000,Product MAT-000037,BMI
500,ORD-001000119,000010,MAT-001009,PLNT-28,NORM,,213.0,ST,ST,4277.62,911133.06,ZBR,PC-0212,Product MAT-001009,BD8
500,ORD-001000119,000020,MAT-004020,PLNT-06,NORM,,387.0,ST,ST,1.0,387.0,ZBR,P80125000,Product MAT-004020,
500,ORD-001000119,000030,MAT-003359,PLNT-16,NORM,,177.0,ST,ST,0.01,1.77,ZBR,P80502308,Product MAT-003359,BXS
500,ORD-001000120,000010,MAT-000985,PLNT-31,NORM,,24.0,ST,ST,13276.15,318627.6,ZBR,PC-0209,Product MAT-000985,BDH
500,ORD-001000120,000020,MAT-000016,PLNT-12,NORM,,307.0,ST,ST,0.0,0.0,ZBR,P80221000,Product MAT-000016,BMA
500,ORD-001000120,000030,MAT-004037,PLNT-04,NORM,,105.0,ST,ST,0.0,0.0,ZBR,P80125000,Product MAT-004037,
500,ORD-001000121,000010,MAT-004057,PLNT-24,NORM,,221.0,ST,ST,0.0,0.0,ZBR,P68301001,Product MAT-004057,79H
500,ORD-001000121,000020,MAT-000294,PLNT-12,NORM,,195.0,ST,ST,0.01,1.95,ZBR,P80121000,Product MAT-000294,BMI
500,ORD-001000122,000010,MAT-003147,PLNT-43,NORM,,204.0,ST,ST,514.2,104896.8,ZBR,PC-0135,Product MAT-003147,ALP
500,ORD-001000122,000020,MAT-000212,PLNT-12,NORM,,10.0,ST,ST,0.0,0.0,ZBR,P80221000,Product MAT-000212,BMI
500,ORD-001000123,000010,MAT-003479,PLNT-36,NORM,,149.0,ST,ST,11111.0,1655539.0,ZBR,PC-0076,Product MAT-003479,BES
500,ORD-001000123,000020,MAT-003120,PLNT-14,NORM,,11.0,ST,ST,1748.1,19229.1,ZBR,P80124000,Product MAT-003120,BC9
500,ORD-001000123,000030,MAT-004571,PLNT-41,NORM,,411.0,LE,LE,0.0,0.0,ZBR,PC-0603,Product MAT-004571,
500,ORD-001000124,000010,MAT-000558,PLNT-16,NORM,,206.0,ST,ST,7818.33,1610575.98,ZBR,P80502308,Product MAT-000558,BXS
500,ORD-001000124,000020,MAT-004299,PLNT-25,NORM,,203.0,ST,ST,0.0,0.0,ZBR,P68301015,Product MAT-004299,BRK
500,ORD-001000125,000010,MAT-000385,PLNT-12,NORM,,59.0,ST,ST,0.0,0.0,ZBR,P80124000,Product MAT-000385,BMI
500,ORD-001000125,000020,MAT-004185,PLNT-30,NORM,,100.0,ST,ST,0.01,1.0,ZBR,PC-0222,Product MAT-004185,BD8
500,ORD-001000125,000030,MAT-000239,PLNT-16,NORM,,373.0,ST,ST,512.36,191110.28,ZBR,P80502308,Product MAT-000239,BXS
500,ORD-001000126,000010,MAT-004014,PLNT-24,NORM,,390.0,ST,ST,1.0,390.0,ZBR,P68307064,Product MAT-004014,
500,ORD-001000126,000020,MAT-000073,PLNT-12,NORM,,488.0,ST,ST,0.0,0.0,ZBR,P80221000,Product MAT-000073,BMI
500,ORD-001000126,000030,MAT-000275,PLNT-16,NORM,,238.0,ST,ST,283.09,67375.42,ZBR,P80502306,Product MAT-000275,SRQ
500,ORD-001000127,000010,MAT-004466,PLNT-37,NORM,,162.0,ST,ST,1.0,162.0,ZBR,PC-0086,Product MAT-004466,BEA
500,ORD-001000127,000020,MAT-001009,PLNT-28,NORM,,35.0,ST,ST,4277.62,149716.7,ZBR,PC-0212,Product MAT-001009,BD8
500,ORD-001000128,000010,MAT-000985,PLNT-31,NORM,,237.0,ST,ST,13276.15,3146447.55,ZBR,PC-0209,Product MAT-000985,BDH
500,ORD-001000129,000010,MAT-003102,PLNT-31,NORM,,305.0,ST,ST,0.01,3.05,ZBR,P60900085,Product MAT-003102,BDI
500,ORD-001000130,000010,MAT-003111,PLNT-49,NORM,,466.0,ST,ST,1895.19,883158.54,ZBR,PC-0135,Product MAT-003111,BDC
500,ORD-001000131,000010,MAT-003111,PLNT-49,NORM,,53.0,ST,ST,1895.19,100445.07,ZBR,PC-0135,Product MAT-003111,BDC
500,ORD-001000132,000010,MAT-001009,PLNT-28,NORM,,225.0,ST,ST,4277.62,962464.5,ZBR,PC-0212,Product MAT-001009,BD8
500,ORD-001000132,000020,MAT-004059,PLNT-41,NORM,,313.0,ST,ST,0.0,0.0,ZBR,PC-0131,Product MAT-004059,
500,ORD-001000132,000030,MAT-000442,PLNT-12,NORM,,191.0,ST,ST,0.0,0.0,ZBR,P80111000,Product MAT-000442,BMI
500,ORD-001000133,000010,MAT-004528,PLNT-40,NORM,,172.0,ST,ST,0.0,0.0,ZBR,P60100043,Product MAT-004528,BRL
500,ORD-001000133,000020,MAT-000174,PLNT-12,NORM,,49.0,ST,ST,0.0,0.0,ZBR,P80124000,Product MAT-000174,BMA
500,ORD-001000133,000030,MAT-004017,PLNT-49,NORM,,198.0,ST,ST,0.0,0.0,ZBR,PC-0136,Product MAT-004017,
500,ORD-001000134,000010,MAT-000985,PLNT-31,NORM,,496.0,ST,ST,13276.15,6584970.4,ZBR,PC-0209,Product MAT-000985,BDH
500,ORD-001000134,000020,MAT-000294,PLNT-12,NORM,,305.0,ST,ST,0.01,3.05,ZBR,P80121000,Product MAT-000294,BMI
500,ORD-001000135,000010,MAT-004585,PLNT-41,NORM,,425.0,SD,SD,100.0,42500.0,ZBR,PC-0455,Product MAT-004585,7EF
500,ORD-001000135,000020,MAT-003446,PLNT-16,NORM,,331.0,UN,UN,1.0,331.0,ZBR,P80502308,Product MAT-003446,
500,ORD-001000135,000030,MAT-004185,PLNT-30,NORM,,186.0,ST,ST,0.01,1.86,ZBR,PC-0222,Product MAT-004185,BD8
500,ORD-001000136,000010,MAT-000276,PLNT-16,NORM,,116.0,ST,ST,76.35,8856.6,ZBR,P80502306,Product MAT-000276,SRQ
500,ORD-001000136,000020,MAT-004014,PLNT-24,NORM,,40.0,ST,ST,1.0,40.0,ZBR,P68307064,Product MAT-004014,
500,ORD-001000137,000010,MAT-000994,PLNT-33,NORM,,449.0,ST,ST,3128.37,1404638.13,ZBR,PC-0209,Product MAT-000994,CS1
500,ORD-001000137,000020,MAT-000294,PLNT-12,NORM,,306.0,ST,ST,0.01,3.06,ZBR,P80121000,Product MAT-000294,BMI
500,ORD-001000137,000030,MAT-004014,PLNT-24,NORM,,84.0,ST,ST,1.0,84.0,ZBR,P68307064,Product MAT-004014,
500,ORD-001000138,000010,MAT-001516,PLNT-31,NORM,,122.0,ST,ST,14944.5,1823229.0,ZBR,PC-0222,Product MAT-001516,BD8
500,ORD-001000138,000020,MAT-003102,PLNT-31,NORM,,146.0,ST,ST,0.01,1.46,ZBR,P60900085,Product MAT-003102,BDI
500,ORD-001000138,000030,MAT-000883,PLNT-43,NORM,,274.0,ST,ST,1028.27,281745.98,ZBR,PC-0238,Product MAT-000883,BGM
500,ORD-001000139,000010,MAT-003163,PLNT-20,NORM,,394.0,ST,ST,12948.8,5101827.2,ZBR,P80212000,Product MAT-003163,BMI
500,ORD-001000139,000020,MAT-003122,PLNT-31,NORM,,258.0,ST,ST,1139.52,293996.16,ZBR,PC-0212,Product MAT-003122,BDI
500,ORD-001000140,000010,MAT-004528,PLNT-40,NORM,,247.0,ST,ST,0.0,0.0,ZBR,P60100043,Product MAT-004528,BRL
500,ORD-001000141,000010,MAT-000037,PLNT-12,NORM,,140.0,ST,ST,0.01,1.4,ZBR,P80121000,Product MAT-000037,BMI
500,ORD-001000142,000010,MAT-000239,PLNT-16,NORM,,477.0,ST,ST,512.36,244395.72,ZBR,P80502308,Product MAT-000239,BXS
500,ORD-001000142,000020,MAT-003479,PLNT-36,NORM,,28.0,ST,ST,11111.0,311108.0,ZBR,PC-0076,Product MAT-003479,BES
500,ORD-001000143,000010,MAT-004332,PLNT-50,NORM,,164.0,LE,LE,0.0,0.0,ZBR,PC-0074,Product MAT-004332,B9P
500,ORD-001000144,000010,MAT-004585,PLNT-41,NORM,,426.0,SD,SD,100.0,42600.0,ZBR,PC-0455,Product MAT-004585,7EF
500,ORD-001000144,000020,MAT-003441,PLNT-47,NORM,,241.0,ST,ST,8289.8,1997841.8,ZBR,PC-0085,Product MAT-003441,BFX
500,ORD-001000145,000010,MAT-000096,PLNT-12,NORM,,482.0,ST,ST,0.01,4.82,ZBR,P80123002,Product MAT-000096,BMA
500,ORD-001000146,000010,MAT-000257,PLNT-17,NORM,,123.0,ST,ST,392.09,48227.07,ZBR,P80502308,Product MAT-000257,SRQ
500,ORD-001000147,000010,MAT-000135,PLNT-12,NORM,,9.0,ST,ST,0.01,0.09,ZBR,P80124000,Product MAT-000135,BMI
500,ORD-001000147,000020,MAT-004185,PLNT-30,NORM,,295.0,ST,ST,0.01,2.95,ZBR,PC-0222,Product MAT-004185,BD8
500,ORD-001000147,000030,MAT-003454,PLNT-01,NORM,,74.0,ST,ST,100.0,7400.0,ZBR,P80114003,Product MAT-003454,B91
500,ORD-001000148,000010,MAT-003481,PLNT-01,NORM,,343.0,ST,ST,100.0,34300.0,ZBR,P80114003,Product MAT-003481,7EF
500,ORD-001000149,000010,MAT-000096,PLNT-12,NORM,,11.0,ST,ST,0.01,0.11,ZBR,P80123002,Product MAT-000096,BMA
500,ORD-001000149,000020,MAT-003444,PLNT-39,NORM,,23.0,ST,ST,0.01,0.23,ZBR,PC-0083,Product MAT-003444,
500,ORD-001000149,000030,MAT-004250,PLNT-32,NORM,,192.0,ST,ST,0.01,1.92,ZBR,PC-0212,Product MAT-004250,BD8
500,ORD-001000150,000010,MAT-000160,PLNT-12,NORM,,322.0,ST,ST,0.01,3.22,ZBR,P80124000,Product MAT-000160,BMI
500,ORD-001000150,000020,MAT-004306,PLNT-34,NORM,,377.0,ST,ST,0.01,3.77,ZBR,PC-0209,Product MAT-004306,BD8
500,ORD-001000150,000030,MAT-000347,PLNT-08,NORM,,23.0,ST,ST,42760.03,983480.69,ZBR,P80112001,Product MAT-000347,BMI
500,ORD-001000151,000010,MAT-004585,PLNT-41,NORM,,246.0,SD,SD,100.0,24600.0,ZBR,PC-0455,Product MAT-004585,7EF
500,ORD-001000151,000020,MAT-003551,PLNT-01,NORM,,416.0,ST,ST,100.0,41600.0,ZBR,P80114003,Product MAT-003551,B9U
500,ORD-001000152,000010,MAT-001578,PLNT-46,NORM,,162.0,ST,ST,12732.11,2062601.82,ZBR,PC-0135,Product MAT-001578,BDC
500,ORD-001000153,000010,MAT-000276,PLNT-16,NORM,,147.0,ST,ST,76.35,11223.45,ZBR,P80502306,Product MAT-000276,SRQ
500,ORD-001000153,000020,MAT-000257,PLNT-17,NORM,,444.0,ST,ST,392.09,174087.96,ZBR,P80502308,Product MAT-000257,SRQ
500,ORD-001000153,000030,MAT-000580,PLNT-12,NORM,,64.0,ST,ST,0.01,0.64,ZBR,P80124000,Product MAT-000580,BMI
500,ORD-001000154,000010,MAT-003551,PLNT-01,NORM,,255.0,ST,ST,100.0,25500.0,ZBR,P80114003,Product MAT-003551,B9U
500,ORD-001000154,000020,MAT-000181,PLNT-12,NORM,,474.0,ST,ST,0.01,4.74,ZBR,P80124000,Product MAT-000181,BMI
500,ORD-001000155,000010,MAT-000885,PLNT-31,NORM,,151.0,ST,ST,6420.73,969530.23,ZBR,PC-0192,Product MAT-000885,BD8
500,ORD-001000156,000010,MAT-003454,PLNT-01,NORM,,219.0,ST,ST,100.0,21900.0,ZBR,P80114003,Product MAT-003454,B91
500,ORD-001000156,000020,MAT-000532,PLNT-12,NORM,,228.0,ST,ST,0.0,0.0,ZBR,P80211000,Product MAT-000532,BMI
500,ORD-001000156,000030,MAT-003111,PLNT-49,NORM,,22.0,ST,ST,1895.19,41694.18,ZBR,PC-0135,Product MAT-003111,BDC
500,ORD-001000157,000010,MAT-003481,PLNT-01,NORM,,327.0,ST,ST,100.0,32700.0,ZBR,P80114003,Product MAT-003481,7EF
500,ORD-001000158,000010,MAT-004580,PLNT-26,NORM,,348.0,LE,LE,100.0,34800.0,ZBR,P68306045,Product MAT-004580,B9P
500,ORD-001000159,000010,MAT-004250,PLNT-32,NORM,,487.0,ST,ST,0.01,4.87,ZBR,PC-0212,Product MAT-004250,BD8
500,ORD-001000159,000020,MAT-004018,PLNT-43,NORM,,310.0,LE,LE,65.0,20150.0,ZBR,PC-0159,Product MAT-004018,
500,ORD-001000160,000010,MAT-000347,PLNT-08,NORM,,272.0,ST,ST,42760.03,11630728.16,ZBR,P80112001,Product MAT-000347,BMI
500,ORD-001000160,000020,MAT-000016,PLNT-12,NORM,,161.0,ST,ST,0.0,0.0,ZBR,P80221000,Product MAT-000016,BMA
500,ORD-001000160,000030,MAT-000241,PLNT-16,NORM,,128.0,ST,ST,540.2,69145.6,ZBR,P80502308,Product MAT-000241,BXS
500,ORD-001000161,000010,MAT-001008,PLNT-31,NORM,,397.0,ST,ST,6290.57,2497356.29,ZBR,PC-0212,Product MAT-001008,BD8
500,ORD-001000162,000010,MAT-000401,PLNT-12,NORM,,70.0,ST,ST,0.0,0.0,ZBR,P80111000,Product MAT-000401,BMI
500,ORD-001000163,000010,MAT-004068,PLNT-31,NORM,,342.0,ST,ST,0.01,3.42,ZBR,PC-0212,Product MAT-004068,BD8
500,ORD-001000163,000020,MAT-003441,PLNT-47,NORM,,34.0,ST,ST,8289.8,281853.2,ZBR,PC-0085,Product MAT-003441,BFX
500,ORD-001000163,000030,MAT-000885,PLNT-31,NORM,,149.0,ST,ST,6420.73,956688.77,ZBR,PC-0192,Product MAT-000885,BD8
500,ORD-001000164,000010,MAT-003434,PLNT-36,NORM,,405.0,ST,ST,0.0,0.0,ZBR,PC-0076,Product MAT-003434,BES
500,ORD-001000165,000010,MAT-000294,PLNT-12,NORM,,314.0,ST,ST,0.01,3.14,ZBR,P80121000,Product MAT-000294,BMI
500,ORD-001000165,000020,MAT-003254,PLNT-41,NORM,,159.0,ST,ST,0.0,0.0,ZBR,P60900085,Product MAT-003254,
500,ORD-001000165,000030,MAT-003454,PLNT-01,NORM,,369.0,ST,ST,100.0,36900.0,ZBR,P80114003,Product MAT-003454,B91
500,ORD-001000166,000010,MAT-003147,PLNT-43,NORM,,231.0,ST,ST,514.2,118780.2,ZBR,PC-0135,Product MAT-003147,ALP
500,ORD-001000166,000020,MAT-000607,PLNT-12,NORM,,265.0,ST,ST,0.01,2.65,ZBR,P80211000,Product MAT-000607,BMI
500,ORD-001000166,000030,MAT-000294,PLNT-12,NORM,,450.0,ST,ST,0.01,4.5,ZBR,P80121000,Product MAT-000294,BMI
500,ORD-001000167,000010,MAT-004059,PLNT-41,NORM,,79.0,ST,ST,0.0,0.0,ZBR,PC-0131,Product MAT-004059,
500,ORD-001000168,000010,MAT-004299,PLNT-25,NORM,,129.0,ST,ST,0.0,0.0,ZBR,P68301015,Product MAT-004299,BRK
500,ORD-001000168,000020,MAT-000385,PLNT-12,NORM,,490.0,ST,ST,0.0,0.0,ZBR,P80124000,Product MAT-000385,BMI
500,ORD-001000169,000010,MAT-004528,PLNT-40,NORM,,87.0,ST,ST,0.0,0.0,ZBR,P60100043,Product MAT-004528,BRL
500,ORD-001000169,000020,MAT-004306,PLNT-34,NORM,,79.0,ST,ST,0.01,0.79,ZBR,PC-0209,Product MAT-004306,BD8
500,ORD-001000169,000030,MAT-000160,PLNT-12,NORM,,320.0,ST,ST,0.01,3.2,ZBR,P80124000,Product MAT-000160,BMI
500,ORD-001000170,000010,MAT-001008,PLNT-31,NORM,,334.0,ST,ST,6290.57,2101050.38,ZBR,PC-0212,Product MAT-001008,BD8
500,ORD-001000170,000020,MAT-000187,PLNT-12,NORM,,214.0,ST,ST,0.0,0.0,ZBR,P80124000,Product MAT-000187,BMI
500,ORD-001000170,000030,MAT-000385,PLNT-12,NORM,,16.0,ST,ST,0.0,0.0,ZBR,P80124000,Product MAT-000385,BMI
500,ORD-001000171,000010,MAT-003120,PLNT-14,NORM,,153.0,ST,ST,1748.1,267459.3,ZBR,P80124000,Product MAT-003120,BC9
500,ORD-001000171,000020,MAT-003147,PLNT-43,NORM,,353.0,ST,ST,514.2,181512.6,ZBR,PC-0135,Product MAT-003147,ALP
500,ORD-001000171,000030,MAT-000037,PLNT-12,NORM,,226.0,ST,ST,0.01,2.26,ZBR,P80121000,Product MAT-000037,BMI
500,ORD-001000172,000010,MAT-004068,PLNT-31,NORM,,376.0,ST,ST,0.01,3.76,ZBR,PC-0212,Product MAT-004068,BD8
500,ORD-001000172,000020,MAT-003120,PLNT-14,NORM,,67.0,ST,ST,1748.1,117122.7,ZBR,P80124000,Product MAT-003120,BC9
500,ORD-001000172,000030,MAT-004185,PLNT-30,NORM,,288.0,ST,ST,0.01,2.88,ZBR,PC-0222,Product MAT-004185,BD8
500,ORD-001000173,000010,MAT-004236,PLNT-31,NORM,,26.0,ST,ST,0.01,0.26,ZBR,PC-0212,Product MAT-004236,BD8
500,ORD-001000174,000010,MAT-004068,PLNT-31,NORM,,98.0,ST,ST,0.01,0.98,ZBR,PC-0212,Product MAT-004068,BD8
500,ORD-001000174,000020,MAT-000275,PLNT-16,NORM,,264.0,ST,ST,283.09,74735.76,ZBR,P80502306,Product MAT-000275,SRQ
500,ORD-001000174,000030,MAT-000275,PLNT-16,NORM,,451.0,ST,ST,283.09,127673.59,ZBR,P80502306,Product MAT-000275,SRQ
500,ORD-001000175,000010,MAT-004306,PLNT-34,NORM,,181.0,ST,ST,0.01,1.81,ZBR,PC-0209,Product MAT-004306,BD8
500,ORD-001000176,000010,MAT-003444,PLNT-39,NORM,,147.0,ST,ST,0.01,1.47,ZBR,PC-0083,Product MAT-003444,
500,ORD-001000176,000020,MAT-004581,PLNT-48,NORM,,434.0,ST,ST,100.0,43400.0,ZBR,PC-0070,Product MAT-004581,B9I
500,ORD-001000176,000030,MAT-000212,PLNT-12,NORM,,69.0,ST,ST,0.0,0.0,ZBR,P80221000,Product MAT-000212,BMI
500,ORD-001000177,000010,MAT-003343,PLNT-43,NORM,,100.0,ST,ST,357.27,35727.0,ZBR,PC-0238,Product MAT-003343,BDC
500,ORD-001000177,000020,MAT-000096,PLNT-12,NORM,,148.0,ST,ST,0.01,1.48,ZBR,P80123002,Product MAT-000096,BMA
500,ORD-001000177,000030,MAT-004250,PLNT-32,NORM,,259.0,ST,ST,0.01,2.59,ZBR,PC-0212,Product MAT-004250,BD8
500,ORD-001000178,000010,MAT-000016,PLNT-12,NORM,,192.0,ST,ST,0.0,0.0,ZBR,P80221000,Product MAT-000016,BMA
500,ORD-001000179,000010,MAT-001578,PLNT-46,NORM,,24.0,ST,ST,12732.11,305570.64,ZBR,PC-0135,Product MAT-001578,BDC
500,ORD-001000179,000020,MAT-000347,PLNT-08,NORM,,366.0,ST,ST,42760.03,15650170.98,ZBR,P80112001,Product MAT-000347,BMI
500,ORD-001000179,000030,MAT-003444,PLNT-39,NORM,,266.0,ST,ST,0.01,2.66,ZBR,PC-0083,Product MAT-003444,
500,ORD-001000180,000010,MAT-000016,PLNT-12,NORM,,316.0,ST,ST,0.0,0.0,ZBR,P80221000,Product MAT-000016,BMA
500,ORD-001000181,000010,MAT-004307,PLNT-43,NORM,,244.0,ST,ST,0.01,2.44,ZBR,PC-0209,Product MAT-004307,BD8
500,ORD-001000181,000020,MAT-000181,PLNT-12,NORM,,170.0,ST,ST,0.01,1.7,ZBR,P80124000,Product MAT-000181,BMI
500,ORD-001000181,000030,MAT-003479,PLNT-36,NORM,,299.0,ST,ST,11111.0,3322189.0,ZBR,PC-0076,Product MAT-003479,BES
500,ORD-001000182,000010,MAT-000187,PLNT-12,NORM,,117.0,ST,ST,0.0,0.0,ZBR,P80124000,Product MAT-000187,BMI
500,ORD-001000182,000020,MAT-004306,PLNT-34,NORM,,246.0,ST,ST,0.01,2.46,ZBR,PC-0209,Product MAT-004306,BD8
500,ORD-001000182,000030,MAT-000035,PLNT-12,NORM,,323.0,ST,ST,0.0,0.0,ZBR,P80122001,Product MAT-000035,BMI
500,ORD-001000183,000010,MAT-003359,PLNT-16,NORM,,98.0,ST,ST,0.01,0.98,ZBR,P80502308,Product MAT-003359,BXS
500,ORD-001000183,000020,MAT-001009,PLNT-28,NORM,,161.0,ST,ST,4277.62,688696.82,ZBR,PC-0212,Product MAT-001009,BD8
500,ORD-001000183,000030,MAT-004014,PLNT-24,NORM,,212.0,ST,ST,1.0,212.0,ZBR,P68307064,Product MAT-004014,
500,ORD-001000184,000010,MAT-000221,PLNT-12,NORM,,362.0,ST,ST,0.01,3.62,ZBR,P80123001,Product MAT-000221,BMI
500,ORD-001000184,000020,MAT-004059,PLNT-41,NORM,,107.0,ST,ST,0.0,0.0,ZBR,PC-0131,Product MAT-004059,
500,ORD-001000184,000030,MAT-000470,PLNT-12,NORM,,340.0,ST,ST,0.0,0.0,ZBR,P80124000,Product MAT-000470,BMI
500,ORD-001000185,000010,MAT-000885,PLNT-31,NORM,,182.0,ST,ST,6420.73,1168572.86,ZBR,PC-0192,Product MAT-000885,BD8
500,ORD-001000185,000020,MAT-000532,PLNT-12,NORM,,136.0,ST,ST,0.0,0.0,ZBR,P80211000,Product MAT-000532,BMI
500,ORD-001000186,000010,MAT-004296,PLNT-24,NORM,,361.0,ST,ST,0.0,0.0,ZBR,P68307065,Product MAT-004296,BRK
500,ORD-001000186,000020,MAT-000532,PLNT-12,NORM,,361.0,ST,ST,0.0,0.0,ZBR,P80211000,Product MAT-000532,BMI
500,ORD-001000187,000010,MAT-000241,PLNT-16,NORM,,148.0,ST,ST,540.2,79949.6,ZBR,P80502308,Product MAT-000241,BXS
500,ORD-001000187,000020,MAT-000187,PLNT-12,NORM,,347.0,ST,ST,0.0,0.0,ZBR,P80124000,Product MAT-000187,BMI
500,ORD-001000187,000030,MAT-003122,PLNT-31,NORM,,459.0,ST,ST,1139.52,523039.68,ZBR,PC-0212,Product MAT-003122,BDI
500,ORD-001000188,000010,MAT-000239,PLNT-16,NORM,,474.0,ST,ST,512.36,242858.64,ZBR,P80502308,Product MAT-000239,BXS
500,ORD-001000189,000010,MAT-000580,PLNT-12,NORM,,478.0,ST,ST,0.01,4.78,ZBR,P80124000,Product MAT-000580,BMI
500,ORD-001000189,000020,MAT-004585,PLNT-41,NORM,,140.0,SD,SD,100.0,14000.0,ZBR,PC-0455,Product MAT-004585,7EF
500,ORD-001000189,000030,MAT-004498,PLNT-41,NORM,,316.0,LE,LE,0.0,0.0,ZBR,P60100043,Product MAT-004498,BRL
500,ORD-001000190,000010,MAT-000883,PLNT-43,NORM,,27.0,ST,ST,1028.27,27763.29,ZBR,PC-0238,Product MAT-000883,BGM
500,ORD-001000190,000020,MAT-003374,PLNT-21,NORM,,170.0,UN,UN,0.0,0.0,ZBR,P80123002,Product MAT-003374,
500,ORD-001000190,000030,MAT-004236,PLNT-31,NORM,,349.0,ST,ST,0.01,3.49,ZBR,PC-0212,Product MAT-004236,BD8
500,ORD-001000191,000010,MAT-000884,PLNT-33,NORM,,103.0,ST,ST,9046.13,931751.39,ZBR,PC-0209,Product MAT-000884,CS1
500,ORD-001000191,000020,MAT-000470,PLNT-12,NORM,,147.0,ST,ST,0.0,0.0,ZBR,P80124000,Product MAT-000470,BMI
500,ORD-001000192,000010,MAT-004018,PLNT-43,NORM,,468.0,LE,LE,65.0,30420.0,ZBR,PC-0159,Product MAT-004018,
500,ORD-001000192,000020,MAT-003479,PLNT-36,NORM,,452.0,ST,ST,11111.0,5022172.0,ZBR,PC-0076,Product MAT-003479,BES
500,ORD-001000192,000030,MAT-004018,PLNT-43,NORM,,429.0,LE,LE,65.0,27885.0,ZBR,PC-0159,Product MAT-004018,
500,ORD-001000193,000010,MAT-004593,PLNT-48,NORM,,309.0,ST,ST,100.0,30900.0,ZBR,PC-0475,Product MAT-004593,7EF
500,ORD-001000193,000020,MAT-000174,PLNT-12,NORM,,146.0,ST,ST,0.0,0.0,ZBR,P80124000,Product MAT-000174,BMA
500,ORD-001000194,000010,MAT-000276,PLNT-16,NORM,,415.0,ST,ST,76.35,31685.25,ZBR,P80502306,Product MAT-000276,SRQ
500,ORD-001000194,000020,MAT-000174,PLNT-12,NORM,,84.0,ST,ST,0.0,0.0,ZBR,P80124000,Product MAT-000174,BMA
500,ORD-001000195,000010,MAT-004593,PLNT-48,NORM,,346.0,ST,ST,100.0,34600.0,ZBR,PC-0475,Product MAT-004593,7EF
500,ORD-001000195,000020,MAT-000073,PLNT-12,NORM,,313.0,ST,ST,0.0,0.0,ZBR,P80221000,Product MAT-000073,BMI
500,ORD-001000196,000010,MAT-003551,PLNT-01,NORM,,72.0,ST,ST,100.0,7200.0,ZBR,P80114003,Product MAT-003551,B9U
500,ORD-001000197,000010,MAT-000174,PLNT-12,NORM,,155.0,ST,ST,0.0,0.0,ZBR,P80124000,Product MAT-000174,BMA
500,ORD-001000197,000020,MAT-001516,PLNT-31,NORM,,294.0,ST,ST,14944.5,4393683.0,ZBR,PC-0222,Product MAT-001516,BD8
500,ORD-001000198,000010,MAT-000985,PLNT-31,NORM,,82.0,ST,ST,13276.15,1088644.3,ZBR,PC-0209,Product MAT-000985,BDH
500,ORD-001000198,000020,MAT-000607,PLNT-12,NORM,,258.0,ST,ST,0.01,2.58,ZBR,P80211000,Product MAT-000607,BMI
500,ORD-001000199,000010,MAT-000347,PLNT-08,NORM,,245.0,ST,ST,42760.03,10476207.35,ZBR,P80112001,Product MAT-000347,BMI
500,ORD-001000200,000010,MAT-003481,PLNT-01,NORM,,423.0,ST,ST,100.0,42300.0,ZBR,P80114003,Product MAT-003481,7EF
500,ORD-001000200,000020,MAT-000075,PLNT-12,NORM,,349.0,ST,ST,0.0,0.0,ZBR,P80121000,Product MAT-000075,BMI
500,ORD-001000200,000030,MAT-004299,PLNT-25,NORM,,270.0,ST,ST,0.0,0.0,ZBR,P68301015,Product MAT-004299,BRK
500,ORD-001000201,000010,MAT-000492,PLNT-12,NORM,,104.0,ST,ST,0.0,0.0,ZBR,P80124000,Product MAT-000492,BMI
500,ORD-001000201,000020,MAT-000135,PLNT-12,NORM,,77.0,ST,ST,0.01,0.77,ZBR,P80124000,Product MAT-000135,BMI
500,ORD-001000201,000030,MAT-000470,PLNT-12,NORM,,438.0,ST,ST,0.0,0.0,ZBR,P80124000,Product MAT-000470,BMI
500,ORD-001000202,000010,MAT-004185,PLNT-30,NORM,,229.0,ST,ST,0.01,2.29,ZBR,PC-0222,Product MAT-004185,BD8
500,ORD-001000203,000010,MAT-003163,PLNT-20,NORM,,345.0,ST,ST,12948.8,4467336.0,ZBR,P80212000,Product MAT-003163,BMI
500,ORD-001000203,000020,MAT-001516,PLNT-31,NORM,,12.0,ST,ST,14944.5,179334.0,ZBR,PC-0222,Product MAT-001516,BD8
500,ORD-001000203,000030,MAT-000261,PLNT-17,NORM,,419.0,ST,ST,1719.7,720554.3,ZBR,P80502306,Product MAT-000261,SRQ
500,ORD-001000204,000010,MAT-003254,PLNT-41,NORM,,278.0,ST,ST,0.0,0.0,ZBR,P60900085,Product MAT-003254,
500,ORD-001000204,000020,MAT-003254,PLNT-41,NORM,,479.0,ST,ST,0.0,0.0,ZBR,P60900085,Product MAT-003254,
500,ORD-001000204,000030,MAT-004018,PLNT-43,NORM,,147.0,LE,LE,65.0,9555.0,ZBR,PC-0159,Product MAT-004018,
500,ORD-001000205,000010,MAT-003122,PLNT-31,NORM,,230.0,ST,ST,1139.52,262089.6,ZBR,PC-0212,Product MAT-003122,BDI
500,ORD-001000205,000020,MAT-003122,PLNT-31,NORM,,42.0,ST,ST,1139.52,47859.84,ZBR,PC-0212,Product MAT-003122,BDI
500,ORD-001000206,000010,MAT-000294,PLNT-12,NORM,,373.0,ST,ST,0.01,3.73,ZBR,P80121000,Product MAT-000294,BMI
500,ORD-001000206,000020,MAT-004037,PLNT-04,NORM,,388.0,ST,ST,0.0,0.0,ZBR,P80125000,Product MAT-004037,
500,ORD-001000206,000030,MAT-004307,PLNT-43,NORM,,238.0,ST,ST,0.01,2.38,ZBR,PC-0209,Product MAT-004307,BD8
500,ORD-001000207,000010,MAT-000241,PLNT-16,NORM,,97.0,ST,ST,540.2,52399.4,ZBR,P80502308,Product MAT-000241,BXS
500,ORD-001000208,000010,MAT-004295,PLNT-49,NORM,,35.0,ST,ST,0.0,0.0,ZBR,PC-0123,Product MAT-004295,BEA
500,ORD-001000209,000010,MAT-000090,PLNT-12,NORM,,23.0,ST,ST,0.0,0.0,ZBR,P80123001,Product MAT-000090,BMI
500,ORD-001000210,000010,MAT-000347,PLNT-08,NORM,,258.0,ST,ST,42760.03,11032087.74,ZBR,P80112001,Product MAT-000347,BMI
500,ORD-001000211,000010,MAT-003434,PLNT-36,NORM,,155.0,ST,ST,0.0,0.0,ZBR,PC-0076,Product MAT-003434,BES
500,ORD-001000211,000020,MAT-000160,PLNT-12,NORM,,267.0,ST,ST,0.01,2.67,ZBR,P80124000,Product MAT-000160,BMI
500,ORD-001000212,000010,MAT-000073,PLNT-12,NORM,,321.0,ST,ST,0.0,0.0,ZBR,P80221000,Product MAT-000073,BMI
500,ORD-001000212,000020,MAT-003343,PLNT-43,NORM,,254.0,ST,ST,357.27,90746.58,ZBR,PC-0238,Product MAT-003343,BDC
500,ORD-001000212,000030,MAT-000239,PLNT-16,NORM,,483.0,ST,ST,512.36,247469.88,ZBR,P80502308,Product MAT-000239,BXS
500,ORD-001000213,000010,MAT-004307,PLNT-43,NORM,,193.0,ST,ST,0.01,1.93,ZBR,PC-0209,Product MAT-004307,BD8
500,ORD-001000214,000010,MAT-003163,PLNT-20,NORM,,469.0,ST,ST,12948.8,6072987.2,ZBR,P80212000,Product MAT-003163,BMI
500,ORD-001000215,000010,MAT-000261,PLNT-17,NORM,,105.0,ST,ST,1719.7,180568.5,ZBR,P80502306,Product MAT-000261,SRQ
500,ORD-001000216,000010,MAT-000257,PLNT-17,NORM,,138.0,ST,ST,392.09,54108.42,ZBR,P80502308,Product MAT-000257,SRQ
500,ORD-001000217,000010,MAT-003481,PLNT-01,NORM,,287.0,ST,ST,100.0,28700.0,ZBR,P80114003,Product MAT-003481,7EF
500,ORD-001000217,000020,MAT-004282,PLNT-49,NORM,,107.0,ST,ST,0.0,0.0,ZBR,PC-0191,Product MAT-004282,BD9
500,ORD-001000217,000030,MAT-004307,PLNT-43,NORM,,490.0,ST,ST,0.01,4.9,ZBR,PC-0209,Product MAT-004307,BD8
500,ORD-001000218,000010,MAT-000075,PLNT-12,NORM,,357.0,ST,ST,0.0,0.0,ZBR,P80121000,Product MAT-000075,BMI
500,ORD-001000218,000020,MAT-003441,PLNT-47,NORM,,105.0,ST,ST,8289.8,870429.0,ZBR,PC-0085,Product MAT-003441,BFX
500,ORD-001000219,000010,MAT-000985,PLNT-31,NORM,,134.0,ST,ST,13276.15,1779004.1,ZBR,PC-0209,Product MAT-000985,BDH
500,ORD-001000219,000020,MAT-004185,PLNT-30,NORM,,452.0,ST,ST,0.01,4.52,ZBR,PC-0222,Product MAT-004185,BD8
500,ORD-001000220,000010,MAT-000181,PLNT-12,NORM,,161.0,ST,ST,0.01,1.61,ZBR,P80124000,Product MAT-000181,BMI
500,ORD-001000221,000010,MAT-004306,PLNT-34,NORM,,369.0,ST,ST,0.01,3.69,ZBR,PC-0209,Product MAT-004306,BD8
500,ORD-001000221,000020,MAT-003970,PLNT-40,NORM,,79.0,ST,ST,0.1,7.9,ZBR,PC-0076,Product MAT-003970,BES
500,ORD-001000221,000030,MAT-000174,PLNT-12,NORM,,118.0,ST,ST,0.0,0.0,ZBR,P80124000,Product MAT-000174,BMA
500,ORD-001000222,000010,MAT-000261,PLNT-17,NORM,,391.0,ST,ST,1719.7,672402.7,ZBR,P80502306,Product MAT-000261,SRQ
500,ORD-001000222,000020,MAT-001516,PLNT-31,NORM,,329.0,ST,ST,14944.5,4916740.5,ZBR,PC-0222,Product MAT-001516,BD8
500,ORD-001000223,000010,MAT-000885,PLNT-31,NORM,,251.0,ST,ST,6420.73,1611603.23,ZBR,PC-0192,Product MAT-000885,BD8
500,ORD-001000223,000020,MAT-000885,PLNT-31,NORM,,329.0,ST,ST,6420.73,2112420.17,ZBR,PC-0192,Product MAT-000885,BD8
500,ORD-001000223,000030,MAT-000035,PLNT-12,NORM,,18.0,ST,ST,0.0,0.0,ZBR,P80122001,Product MAT-000035,BMI
500,ORD-001000224,000010,MAT-003254,PLNT-41,NORM,,363.0,ST,ST,0.0,0.0,ZBR,P60900085,Product MAT-003254,
500,ORD-001000225,000010,MAT-003481,PLNT-01,NORM,,479.0,ST,ST,100.0,47900.0,ZBR,P80114003,Product MAT-003481,7EF
500,ORD-001000225,000020,MAT-004282,PLNT-49,NORM,,338.0,ST,ST,0.0,0.0,ZBR,PC-0191,Product MAT-004282,BD9
500,ORD-001000225,000030,MAT-000417,PLNT-12,NORM,,4.0,ST,ST,0.0,0.0,ZBR,P80211000,Product MAT-000417,BMI
500,ORD-001000226,000010,MAT-004296,PLNT-24,NORM,,9.0,ST,ST,0.0,0.0,ZBR,P68307065,Product MAT-004296,BRK
500,ORD-001000226,000020,MAT-004585,PLNT-41,NORM,,346.0,SD,SD,100.0,34600.0,ZBR,PC-0455,Product MAT-004585,7EF
500,ORD-001000226,000030,MAT-000073,PLNT-12,NORM,,55.0,ST,ST,0.0,0.0,ZBR,P80221000,Product MAT-000073,BMI
500,ORD-001000227,000010,MAT-000580,PLNT-12,NORM,,408.0,ST,ST,0.01,4.08,ZBR,P80124000,Product MAT-000580,BMI
500,ORD-001000227,000020,MAT-004299,PLNT-25,NORM,,192.0,ST,ST,0.0,0.0,ZBR,P68301015,Product MAT-004299,BRK
500,ORD-001000228,000010,MAT-000884,PLNT-33,NORM,,440.0,ST,ST,9046.13,3980297.2,ZBR,PC-0209,Product MAT-000884,CS1
500,ORD-001000229,000010,MAT-000221,PLNT-12,NORM,,327.0,ST,ST,0.01,3.27,ZBR,P80123001,Product MAT-000221,BMI
500,ORD-001000229,000020,MAT-004585,PLNT-41,NORM,,88.0,SD,SD,100.0,8800.0,ZBR,PC-0455,Product MAT-004585,7EF
500,ORD-001000230,000010,MAT-000035,PLNT-12,NORM,,471.0,ST,ST,0.0,0.0,ZBR,P80122001,Product MAT-000035,BMI
500,ORD-001000231,000010,MAT-000607,PLNT-12,NORM,,474.0,ST,ST,0.01,4.74,ZBR,P80211000,Product MAT-000607,BMI
500,ORD-001000232,000010,MAT-000365,PLNT-22,NORM,,386.0,ST,ST,0.01,3.86,ZBR,P80502308,Product MAT-000365,BXS
500,ORD-001000232,000020,MAT-003147,PLNT-43,NORM,,154.0,ST,ST,514.2,79186.8,ZBR,PC-0135,Product MAT-003147,ALP
500,ORD-001000232,000030,MAT-004593,PLNT-48,NORM,,124.0,ST,ST,100.0,12400.0,ZBR,PC-0475,Product MAT-004593,7EF
500,ORD-001000233,000010,MAT-001516,PLNT-31,NORM,,41.0,ST,ST,14944.5,612724.5,ZBR,PC-0222,Product MAT-001516,BD8
500,ORD-001000233,000020,MAT-004057,PLNT-24,NORM,,499.0,ST,ST,0.0,0.0,ZBR,P68301001,Product MAT-004057,79H
500,ORD-001000233,000030,MAT-000257,PLNT-17,NORM,,51.0,ST,ST,392.09,19996.59,ZBR,P80502308,Product MAT-000257,SRQ
500,ORD-001000234,000010,MAT-000470,PLNT-12,NORM,,16.0,ST,ST,0.0,0.0,ZBR,P80124000,Product MAT-000470,BMI
500,ORD-001000234,000020,MAT-000580,PLNT-12,NORM,,402.0,ST,ST,0.01,4.02,ZBR,P80124000,Product MAT-000580,BMI
500,ORD-001000235,000010,MAT-000607,PLNT-12,NORM,,300.0,ST,ST,0.01,3.0,ZBR,P80211000,Product MAT-000607,BMI
500,ORD-001000236,000010,MAT-003122,PLNT-31,NORM,,365.0,ST,ST,1139.52,415924.8,ZBR,PC-0212,Product MAT-003122,BDI
500,ORD-001000237,000010,MAT-001009,PLNT-28,NORM,,185.0,ST,ST,4277.62,791359.7,ZBR,PC-0212,Product MAT-001009,BD8
500,ORD-001000237,000020,MAT-004498,PLNT-41,NORM,,68.0,LE,LE,0.0,0.0,ZBR,P60100043,Product MAT-004498,BRL
500,ORD-001000238,000010,MAT-004332,PLNT-50,NORM,,46.0,LE,LE,0.0,0.0,ZBR,PC-0074,Product MAT-004332,B9P
500,ORD-001000239,000010,MAT-003970,PLNT-40,NORM,,212.0,ST,ST,0.1,21.2,ZBR,PC-0076,Product MAT-003970,BES
500,ORD-001000240,000010,MAT-004059,PLNT-41,NORM,,87.0,ST,ST,0.0,0.0,ZBR,PC-0131,Product MAT-004059,
500,ORD-001000240,000020,MAT-004571,PLNT-41,NORM,,72.0,LE,LE,0.0,0.0,ZBR,PC-0603,Product MAT-004571,
500,ORD-001000240,000030,MAT-004307,PLNT-43,NORM,,138.0,ST,ST,0.01,1.38,ZBR,PC-0209,Product MAT-004307,BD8
500,ORD-001000241,000010,MAT-003147,PLNT-43,NORM,,185.0,ST,ST,514.2,95127.0,ZBR,PC-0135,Product MAT-003147,ALP
500,ORD-001000241,000020,MAT-000075,PLNT-12,NORM,,370.0,ST,ST,0.0,0.0,ZBR,P80121000,Product MAT-000075,BMI
500,ORD-001000242,000010,MAT-000174,PLNT-12,NORM,,431.0,ST,ST,0.0,0.0,ZBR,P80124000,Product MAT-000174,BMA
500,ORD-001000242,000020,MAT-003122,PLNT-31,NORM,,412.0,ST,ST,1139.52,469482.24,ZBR,PC-0212,Product MAT-003122,BDI
500,ORD-001000243,000010,MAT-000470,PLNT-12,NORM,,309.0,ST,ST,0.0,0.0,ZBR,P80124000,Product MAT-000470,BMI
500,ORD-001000243,000020,MAT-004282,PLNT-49,NORM,,161.0,ST,ST,0.0,0.0,ZBR,PC-0191,Product MAT-004282,BD9
500,ORD-001000244,000010,MAT-000075,PLNT-12,NORM,,167.0,ST,ST,0.0,0.0,ZBR,P80121000,Product MAT-000075,BMI
500,ORD-001000244,000020,MAT-000241,PLNT-16,NORM,,419.0,ST,ST,540.2,226343.8,ZBR,P80502308,Product MAT-000241,BXS
500,ORD-001000244,000030,MAT-000442,PLNT-12,NORM,,59.0,ST,ST,0.0,0.0,ZBR,P80111000,Product MAT-000442,BMI
500,ORD-001000245,000010,MAT-003441,PLNT-47,NORM,,108.0,ST,ST,8289.8,895298.4,ZBR,PC-0085,Product MAT-003441,BFX
500,ORD-001000245,000020,MAT-003970,PLNT-40,NORM,,426.0,ST,ST,0.1,42.6,ZBR,PC-0076,Product MAT-003970,BES
500,ORD-001000246,000010,MAT-004014,PLNT-24,NORM,,367.0,ST,ST,1.0,367.0,ZBR,P68307064,Product MAT-004014,
500,ORD-001000246,000020,MAT-003122,PLNT-31,NORM,,38.0,ST,ST,1139.52,43301.76,ZBR,PC-0212,Product MAT-003122,BDI
500,ORD-001000246,000030,MAT-003298,PLNT-41,NORM,,246.0,ST,ST,5738.77,1411737.42,ZBR,PC-0243,Product MAT-003298,BDC
500,ORD-001000247,000010,MAT-004585,PLNT-41,NORM,,459.0,SD,SD,100.0,45900.0,ZBR,PC-0455,Product MAT-004585,7EF
500,ORD-001000247,000020,MAT-003298,PLNT-41,NORM,,327.0,ST,ST,5738.77,1876577.79,ZBR,PC-0243,Product MAT-003298,BDC
500,ORD-001000248,000010,MAT-001578,PLNT-46,NORM,,289.0,ST,ST,12732.11,3679579.79,ZBR,PC-0135,Product MAT-001578,BDC
500,ORD-001000248,000020,MAT-004017,PLNT-49,NORM,,332.0,ST,ST,0.0,0.0,ZBR,PC-0136,Product MAT-004017,
500,ORD-001000248,000030,MAT-000174,PLNT-12,NORM,,495.0,ST,ST,0.0,0.0,ZBR,P80124000,Product MAT-000174,BMA
500,ORD-001000249,000010,MAT-003343,PLNT-43,NORM,,298.0,ST,ST,357.27,106466.46,ZBR,PC-0238,Product MAT-003343,BDC
500,ORD-001000249,000020,MAT-000195,PLNT-12,NORM,,229.0,ST,ST,0.0,0.0,ZBR,P80124000,Product MAT-000195,BMI
500,ORD-001000249,000030,MAT-000016,PLNT-12,NORM,,238.0,ST,ST,0.0,0.0,ZBR,P80221000,Product MAT-000016,BMA
500,ORD-001000250,000010,MAT-003970,PLNT-40,NORM,,213.0,ST,ST,0.1,21.3,ZBR,PC-0076,Product MAT-003970,BES
500,ORD-001000251,000010,MAT-004059,PLNT-41,NORM,,248.0,ST,ST,0.0,0.0,ZBR,PC-0131,Product MAT-004059,
500,ORD-001000252,000010,MAT-004307,PLNT-43,NORM,,23.0,ST,ST,0.01,0.23,ZBR,PC-0209,Product MAT-004307,BD8
500,ORD-001000253,000010,MAT-000075,PLNT-12,NORM,,265.0,ST,ST,0.0,0.0,ZBR,P80121000,Product MAT-000075,BMI
500,ORD-001000253,000020,MAT-000096,PLNT-12,NORM,,82.0,ST,ST,0.01,0.82,ZBR,P80123002,Product MAT-000096,BMA
500,ORD-001000253,000030,MAT-003343,PLNT-43,NORM,,219.0,ST,ST,357.27,78242.13,ZBR,PC-0238,Product MAT-003343,BDC
500,ORD-001000254,000010,MAT-000016,PLNT-12,NORM,,15.0,ST,ST,0.0,0.0,ZBR,P80221000,Product MAT-000016,BMA
500,ORD-001000254,000020,MAT-000260,PLNT-16,NORM,,231.0,UN,UN,3.64,840.84,ZBR,P80502306,Product MAT-000260,
500,ORD-001000255,000010,MAT-003254,PLNT-41,NORM,,296.0,ST,ST,0.0,0.0,ZBR,P60900085,Product MAT-003254,
500,ORD-001000255,000020,MAT-000135,PLNT-12,NORM,,96.0,ST,ST,0.01,0.96,ZBR,P80124000,Product MAT-000135,BMI
500,ORD-001000255,000030,MAT-000470,PLNT-12,NORM,,101.0,ST,ST,0.0,0.0,ZBR,P80124000,Product MAT-000470,BMI
500,ORD-001000256,000010,MAT-003298,PLNT-41,NORM,,199.0,ST,ST,5738.77,1142015.23,ZBR,PC-0243,Product MAT-003298,BDC
500,ORD-001000256,000020,MAT-000016,PLNT-12,NORM,,301.0,ST,ST,0.0,0.0,ZBR,P80221000,Product MAT-000016,BMA
500,ORD-001000257,000010,MAT-004307,PLNT-43,NORM,,471.0,ST,ST,0.01,4.71,ZBR,PC-0209,Product MAT-004307,BD8
500,ORD-001000257,000020,MAT-000558,PLNT-16,NORM,,44.0,ST,ST,7818.33,344006.52,ZBR,P80502308,Product MAT-000558,BXS
500,ORD-001000257,000030,MAT-004068,PLNT-31,NORM,,61.0,ST,ST,0.01,0.61,ZBR,PC-0212,Product MAT-004068,BD8
500,ORD-001000258,000010,MAT-003479,PLNT-36,NORM,,306.0,ST,ST,11111.0,3399966.0,ZBR,PC-0076,Product MAT-003479,BES
500,ORD-001000258,000020,MAT-000187,PLNT-12,NORM,,197.0,ST,ST,0.0,0.0,ZBR,P80124000,Product MAT-000187,BMI
500,ORD-001000259,000010,MAT-003343,PLNT-43,NORM,,86.0,ST,ST,357.27,30725.22,ZBR,PC-0238,Product MAT-003343,BDC
500,ORD-001000260,000010,MAT-002951,PLNT-11,NORM,,488.0,ST,ST,997.08,486575.04,ZBR,P80124000,Product MAT-002951,
500,ORD-001000261,000010,MAT-000275,PLNT-16,NORM,,210.0,ST,ST,283.09,59448.9,ZBR,P80502306,Product MAT-000275,SRQ
500,ORD-001000261,000020,MAT-003479,PLNT-36,NORM,,364.0,ST,ST,11111.0,4044404.0,ZBR,PC-0076,Product MAT-003479,BES
500,ORD-001000261,000030,MAT-004291,PLNT-31,NORM,,86.0,ST,ST,0.0,0.0,ZBR,PC-0222,Product MAT-004291,BD8
500,ORD-001000262,000010,MAT-004296,PLNT-24,NORM,,87.0,ST,ST,0.0,0.0,ZBR,P68307065,Product MAT-004296,BRK
500,ORD-001000262,000020,MAT-004593,PLNT-48,NORM,,381.0,ST,ST,100.0,38100.0,ZBR,PC-0475,Product MAT-004593,7EF
500,ORD-001000262,000030,MAT-000096,PLNT-12,NORM,,262.0,ST,ST,0.01,2.62,ZBR,P80123002,Product MAT-000096,BMA
500,ORD-001000263,000010,MAT-001578,PLNT-46,NORM,,390.0,ST,ST,12732.11,4965522.9,ZBR,PC-0135,Product MAT-001578,BDC
500,ORD-001000263,000020,MAT-000885,PLNT-31,NORM,,112.0,ST,ST,6420.73,719121.76,ZBR,PC-0192,Product MAT-000885,BD8
500,ORD-001000263,000030,MAT-004498,PLNT-41,NORM,,377.0,LE,LE,0.0,0.0,ZBR,P60100043,Product MAT-004498,BRL
500,ORD-001000264,000010,MAT-001009,PLNT-28,NORM,,444.0,ST,ST,4277.62,1899263.28,ZBR,PC-0212,Product MAT-001009,BD8
500,ORD-001000265,000010,MAT-003441,PLNT-47,NORM,,313.0,ST,ST,8289.8,2594707.4,ZBR,PC-0085,Product MAT-003441,BFX
500,ORD-001000265,000020,MAT-003321,PLNT-11,NORM,,85.0,ST,ST,3000.0,255000.0,ZBR,PC-0716,Product MAT-003321,BXS
500,ORD-001000266,000010,MAT-000241,PLNT-16,NORM,,306.0,ST,ST,540.2,165301.2,ZBR,P80502308,Product MAT-000241,BXS
500,ORD-001000266,000020,MAT-004571,PLNT-41,NORM,,166.0,LE,LE,0.0,0.0,ZBR,PC-0603,Product MAT-004571,
500,ORD-001000266,000030,MAT-003970,PLNT-40,NORM,,294.0,ST,ST,0.1,29.4,ZBR,PC-0076,Product MAT-003970,BES
500,ORD-001000267,000010,MAT-000884,PLNT-33,NORM,,65.0,ST,ST,9046.13,587998.45,ZBR,PC-0209,Product MAT-000884,CS1
500,ORD-001000267,000020,MAT-000075,PLNT-12,NORM,,75.0,ST,ST,0.0,0.0,ZBR,P80121000,Product MAT-000075,BMI
500,ORD-001000268,000010,MAT-003479,PLNT-36,NORM,,193.0,ST,ST,11111.0,2144423.0,ZBR,PC-0076,Product MAT-003479,BES
500,ORD-001000268,000020,MAT-003147,PLNT-43,NORM,,325.0,ST,ST,514.2,167115.0,ZBR,PC-0135,Product MAT-003147,ALP
500,ORD-001000268,000030,MAT-003120,PLNT-14,NORM,,264.0,ST,ST,1748.1,461498.4,ZBR,P80124000,Product MAT-003120,BC9
500,ORD-001000269,000010,MAT-003446,PLNT-16,NORM,,375.0,UN,UN,1.0,375.0,ZBR,P80502308,Product MAT-003446,
500,ORD-001000269,000020,MAT-000385,PLNT-12,NORM,,341.0,ST,ST,0.0,0.0,ZBR,P80124000,Product MAT-000385,BMI
500,ORD-001000269,000030,MAT-003254,PLNT-41,NORM,,408.0,ST,ST,0.0,0.0,ZBR,P60900085,Product MAT-003254,
500,ORD-001000270,000010,MAT-000994,PLNT-33,NORM,,281.0,ST,ST,3128.37,879071.97,ZBR,PC-0209,Product MAT-000994,CS1
500,ORD-001000270,000020,MAT-000294,PLNT-12,NORM,,290.0,ST,ST,0.01,2.9,ZBR,P80121000,Product MAT-000294,BMI
500,ORD-001000271,000010,MAT-000417,PLNT-12,NORM,,64.0,ST,ST,0.0,0.0,ZBR,P80211000,Product MAT-000417,BMI
500,ORD-001000271,000020,MAT-001009,PLNT-28,NORM,,234.0,ST,ST,4277.62,1000963.08,ZBR,PC-0212,Product MAT-001009,BD8
500,ORD-001000272,000010,MAT-000241,PLNT-16,NORM,,48.0,ST,ST,540.2,25929.6,ZBR,P80502308,Product MAT-000241,BXS
500,ORD-001000273,000010,MAT-000016,PLNT-12,NORM,,321.0,ST,ST,0.0,0.0,ZBR,P80221000,Product MAT-000016,BMA
500,ORD-001000274,000010,MAT-004020,PLNT-06,NORM,,245.0,ST,ST,1.0,245.0,ZBR,P80125000,Product MAT-004020,
500,ORD-001000275,000010,MAT-000994,PLNT-33,NORM,,419.0,ST,ST,3128.37,1310787.03,ZBR,PC-0209,Product MAT-000994,CS1
500,ORD-001000275,000020,MAT-003321,PLNT-11,NORM,,356.0,ST,ST,3000.0,1068000.0,ZBR,PC-0716,Product MAT-003321,BXS
500,ORD-001000275,000030,MAT-004282,PLNT-49,NORM,,37.0,ST,ST,0.0,0.0,ZBR,PC-0191,Product MAT-004282,BD9
500,ORD-001000276,000010,MAT-004307,PLNT-43,NORM,,71.0,ST,ST,0.01,0.71,ZBR,PC-0209,Product MAT-004307,BD8
500,ORD-001000276,000020,MAT-000347,PLNT-08,NORM,,329.0,ST,ST,42760.03,14068049.87,ZBR,P80112001,Product MAT-000347,BMI
500,ORD-001000277,000010,MAT-000239,PLNT-16,NORM,,370.0,ST,ST,512.36,189573.2,ZBR,P80502308,Product MAT-000239,BXS
500,ORD-001000277,000020,MAT-004466,PLNT-37,NORM,,384.0,ST,ST,1.0,384.0,ZBR,PC-0086,Product MAT-004466,BEA
500,ORD-001000278,000010,MAT-000558,PLNT-16,NORM,,374.0,ST,ST,7818.33,2924055.42,ZBR,P80502308,Product MAT-000558,BXS
500,ORD-001000279,000010,MAT-004299,PLNT-25,NORM,,128.0,ST,ST,0.0,0.0,ZBR,P68301015,Product MAT-004299,BRK
500,ORD-001000279,000020,MAT-003298,PLNT-41,NORM,,308.0,ST,ST,5738.77,1767541.16,ZBR,PC-0243,Product MAT-003298,BDC
500,ORD-001000279,000030,MAT-004296,PLNT-24,NORM,,399.0,ST,ST,0.0,0.0,ZBR,P68307065,Product MAT-004296,BRK
500,ORD-001000280,000010,MAT-000016,PLNT-12,NORM,,152.0,ST,ST,0.0,0.0,ZBR,P80221000,Product MAT-000016,BMA
500,ORD-001000280,000020,MAT-000257,PLNT-17,NORM,,402.0,ST,ST,392.09,157620.18,ZBR,P80502308,Product MAT-000257,SRQ
500,ORD-001000280,000030,MAT-000275,PLNT-16,NORM,,198.0,ST,ST,283.09,56051.82,ZBR,P80502306,Product MAT-000275,SRQ
500,ORD-001000281,000010,MAT-004068,PLNT-31,NORM,,68.0,ST,ST,0.01,0.68,ZBR,PC-0212,Product MAT-004068,BD8
500,ORD-001000281,000020,MAT-004593,PLNT-48,NORM,,216.0,ST,ST,100.0,21600.0,ZBR,PC-0475,Product MAT-004593,7EF
500,ORD-001000282,000010,MAT-004581,PLNT-48,NORM,,135.0,ST,ST,100.0,13500.0,ZBR,PC-0070,Product MAT-004581,B9I
500,ORD-001000283,000010,MAT-003479,PLNT-36,NORM,,217.0,ST,ST,11111.0,2411087.0,ZBR,PC-0076,Product MAT-003479,BES
500,ORD-001000283,000020,MAT-004299,PLNT-25,NORM,,328.0,ST,ST,0.0,0.0,ZBR,P68301015,Product MAT-004299,BRK
500,ORD-001000283,000030,MAT-000135,PLNT-12,NORM,,316.0,ST,ST,0.01,3.16,ZBR,P80124000,Product MAT-000135,BMI
500,ORD-001000284,000010,MAT-000135,PLNT-12,NORM,,168.0,ST,ST,0.01,1.68,ZBR,P80124000,Product MAT-000135,BMI
500,ORD-001000285,000010,MAT-000221,PLNT-12,NORM,,126.0,ST,ST,0.01,1.26,ZBR,P80123001,Product MAT-000221,BMI
500,ORD-001000286,000010,MAT-000090,PLNT-12,NORM,,337.0,ST,ST,0.0,0.0,ZBR,P80123001,Product MAT-000090,BMI
500,ORD-001000286,000020,MAT-000401,PLNT-12,NORM,,7.0,ST,ST,0.0,0.0,ZBR,P80111000,Product MAT-000401,BMI
500,ORD-001000286,000030,MAT-004585,PLNT-41,NORM,,6.0,SD,SD,100.0,600.0,ZBR,PC-0455,Product MAT-004585,7EF
500,ORD-001000287,000010,MAT-004571,PLNT-41,NORM,,191.0,LE,LE,0.0,0.0,ZBR,PC-0603,Product MAT-004571,
500,ORD-001000287,000020,MAT-004057,PLNT-24,NORM,,400.0,ST,ST,0.0,0.0,ZBR,P68301001,Product MAT-004057,79H
500,ORD-001000288,000010,MAT-003254,PLNT-41,NORM,,135.0,ST,ST,0.0,0.0,ZBR,P60900085,Product MAT-003254,
500,ORD-001000288,000020,MAT-004466,PLNT-37,NORM,,40.0,ST,ST,1.0,40.0,ZBR,PC-0086,Product MAT-004466,BEA
500,ORD-001000288,000030,MAT-000348,PLNT-12,NORM,,262.0,ST,ST,0.01,2.62,ZBR,P80221000,Product MAT-000348,BMI
500,ORD-001000289,000010,MAT-000187,PLNT-12,NORM,,346.0,ST,ST,0.0,0.0,ZBR,P80124000,Product MAT-000187,BMI
500,ORD-001000290,000010,MAT-001578,PLNT-46,NORM,,242.0,ST,ST,12732.11,3081170.62,ZBR,PC-0135,Product MAT-001578,BDC
500,ORD-001000291,000010,MAT-000884,PLNT-33,NORM,,215.0,ST,ST,9046.13,1944917.95,ZBR,PC-0209,Product MAT-000884,CS1
500,ORD-001000291,000020,MAT-000470,PLNT-12,NORM,,128.0,ST,ST,0.0,0.0,ZBR,P80124000,Product MAT-000470,BMI
500,ORD-001000291,000030,MAT-001516,PLNT-31,NORM,,164.0,ST,ST,14944.5,2450898.0,ZBR,PC-0222,Product MAT-001516,BD8
500,ORD-001000292,000010,MAT-000195,PLNT-12,NORM,,412.0,ST,ST,0.0,0.0,ZBR,P80124000,Product MAT-000195,BMI
500,ORD-001000293,000010,MAT-000470,PLNT-12,NORM,,45.0,ST,ST,0.0,0.0,ZBR,P80124000,Product MAT-000470,BMI
500,ORD-001000293,000020,MAT-000348,PLNT-12,NORM,,5.0,ST,ST,0.01,0.05,ZBR,P80221000,Product MAT-000348,BMI
500,ORD-001000294,000010,MAT-003163,PLNT-20,NORM,,189.0,ST,ST,12948.8,2447323.2,ZBR,P80212000,Product MAT-003163,BMI
500,ORD-001000295,000010,MAT-004037,PLNT-04,NORM,,478.0,ST,ST,0.0,0.0,ZBR,P80125000,Product MAT-004037,
500,ORD-001000296,000010,MAT-000174,PLNT-12,NORM,,1.0,ST,ST,0.0,0.0,ZBR,P80124000,Product MAT-000174,BMA
500,ORD-001000297,000010,MAT-004291,PLNT-31,NORM,,493.0,ST,ST,0.0,0.0,ZBR,PC-0222,Product MAT-004291,BD8
500,ORD-001000297,000020,MAT-000365,PLNT-22,NORM,,365.0,ST,ST,0.01,3.65,ZBR,P80502308,Product MAT-000365,BXS
500,ORD-001000298,000010,MAT-004057,PLNT-24,NORM,,44.0,ST,ST,0.0,0.0,ZBR,P68301001,Product MAT-004057,79H
500,ORD-001000298,000020,MAT-004236,PLNT-31,NORM,,259.0,ST,ST,0.01,2.59,ZBR,PC-0212,Product MAT-004236,BD8
500,ORD-001000299,000010,MAT-000294,PLNT-12,NORM,,122.0,ST,ST,0.01,1.22,ZBR,P80121000,Product MAT-000294,BMI
500,ORD-001000299,000020,MAT-001008,PLNT-31,NORM,,436.0,ST,ST,6290.57,2742688.52,ZBR,PC-0212,Product MAT-001008,BD8
500,ORD-001000299,000030,MAT-000016,PLNT-12,NORM,,359.0,ST,ST,0.0,0.0,ZBR,P80221000,Product MAT-000016,BMA
