MANDT,VBELN,POSNR,ETENR,EDATU,WMENG,BMENG,VRKME,MEINS
500,ORD-001000000,000010,0001,20260421,136.0,136.0,ST,ST
500,ORD-001000000,000020,0001,20260807,382.0,382.0,ST,ST
500,ORD-001000001,000010,0001,20260421,113.0,113.0,ST,ST
500,ORD-001000001,000020,0001,20260409,253.0,253.0,ST,ST
500,ORD-001000002,000010,0001,20260402,306.0,306.0,ST,ST
500,ORD-001000002,000020,0001,20260816,196.0,196.0,ST,ST
500,ORD-001000002,000030,0001,20260520,271.0,271.0,ST,ST
500,ORD-001000003,000010,0001,20260414,175.0,175.0,ST,ST
500,ORD-001000003,000020,0001,20260426,223.0,223.0,ST,ST
500,ORD-001000004,000010,0001,20260413,468.0,468.0,ST,ST
500,ORD-001000005,000010,0001,20260730,277.0,277.0,ST,ST
500,ORD-001000005,000020,0001,20260607,307.0,307.0,ST,ST
500,ORD-001000006,000010,0001,20260517,30.0,30.0,ST,ST
500,ORD-001000006,000020,0001,20260406,485.0,485.0,ST,ST
500,ORD-001000007,000010,0001,20260804,244.0,244.0,ST,ST
500,ORD-001000008,000010,0001,20260507,354.0,354.0,ST,ST
500,ORD-001000008,000020,0001,20260627,160.0,160.0,ST,ST
500,ORD-001000008,000030,0001,20260620,333.0,333.0,ST,ST
500,ORD-001000009,000010,0001,20260805,302.0,302.0,ST,ST
500,ORD-001000009,000020,0001,20260512,302.0,302.0,ST,ST
500,ORD-001000010,000010,0001,20260726,37.0,37.0,ST,ST
500,ORD-001000011,000010,0001,20260716,296.0,296.0,ST,ST
500,ORD-001000011,000020,0001,20260716,402.0,402.0,ST,ST
500,ORD-001000011,000030,0001,20260410,98.0,98.0,UN,UN
500,ORD-001000012,000010,0001,20260829,335.0,335.0,ST,ST
500,ORD-001000013,000010,0001,20260801,98.0,98.0,ST,ST
500,ORD-001000014,000010,0001,20260804,414.0,414.0,ST,ST
500,ORD-001000015,000010,0001,20260719,209.0,209.0,LE,LE
500,ORD-001000016,000010,0001,20260711,475.0,475.0,ST,ST
500,ORD-001000016,000020,0001,20260806,217.0,217.0,ST,ST
500,ORD-001000017,000010,0001,20260401,278.0,278.0,ST,ST
500,ORD-001000017,000020,0001,20260331,161.0,161.0,ST,ST
500,ORD-001000017,000030,0001,20260717,300.0,300.0,ST,ST
500,ORD-001000018,000010,0001,20260403,305.0,305.0,ST,ST
500,ORD-001000019,000010,0001,20260327,305.0,305.0,ST,ST
500,ORD-001000020,000010,0001,20260605,105.0,105.0,ST,ST
500,ORD-001000020,000020,0001,20260626,136.0,136.0,ST,ST
500,ORD-001000021,000010,0001,20260808,319.0,319.0,ST,ST
500,ORD-001000022,000010,0001,20260518,451.0,451.0,ST,ST
500,ORD-001000022,000020,0001,20260426,146.0,146.0,ST,ST
500,ORD-001000023,000010,0001,20260412,154.0,154.0,ST,ST
500,ORD-001000023,000020,0001,20260415,136.0,136.0,ST,ST
500,ORD-001000023,000030,0001,20260805,381.0,381.0,LE,LE
500,ORD-001000024,000010,0001,20260523,325.0,325.0,ST,ST
500,ORD-001000025,000010,0001,20260610,2.0,2.0,ST,ST
500,ORD-001000025,000020,0001,20260523,327.0,327.0,ST,ST
500,ORD-001000026,000010,0001,20260424,484.0,484.0,ST,ST
500,ORD-001000027,000010,0001,20260618,158.0,158.0,ST,ST
500,ORD-001000028,000010,0001,20260629,453.0,453.0,ST,ST
500,ORD-001000028,000020,0001,20260425,384.0,384.0,ST,ST
500,ORD-001000029,000010,0001,20260519,411.0,411.0,UN,UN
500,ORD-001000029,000020,0001,20260413,82.0,82.0,ST,ST
500,ORD-001000030,000010,0001,20260514,421.0,421.0,ST,ST
500,ORD-001000030,000020,0001,20260505,13.0,13.0,ST,ST
500,ORD-001000031,000010,0001,20260627,261.0,261.0,ST,ST
500,ORD-001000031,000020,0001,20260801,432.0,432.0,ST,ST
500,ORD-001000032,000010,0001,20260706,306.0,306.0,LE,LE
500,ORD-001000033,000010,0001,20260521,98.0,98.0,ST,ST
500,ORD-001000033,000020,0001,20260706,363.0,363.0,ST,ST
500,ORD-001000034,000010,0001,20260618,101.0,101.0,ST,ST
500,ORD-001000034,000020,0001,20260609,36.0,36.0,ST,ST
500,ORD-001000034,000030,0001,20260417,161.0,161.0,ST,ST
500,ORD-001000035,000010,0001,20260805,152.0,152.0,SD,SD
500,ORD-001000035,000020,0001,20260702,99.0,99.0,ST,ST
500,ORD-001000036,000010,0001,20260804,208.0,208.0,ST,ST
500,ORD-001000036,000020,0001,20260529,156.0,156.0,ST,ST
500,ORD-001000036,000030,0001,20260812,221.0,221.0,ST,ST
500,ORD-001000037,000010,0001,20260429,407.0,407.0,ST,ST
500,ORD-001000037,000020,0001,20260528,44.0,44.0,ST,ST
500,ORD-001000037,000030,0001,20260826,340.0,340.0,ST,ST
500,ORD-001000038,000010,0001,20260323,76.0,76.0,UN,UN
500,ORD-001000039,000010,0001,20260825,454.0,454.0,ST,ST
500,ORD-001000039,000020,0001,20260623,100.0,100.0,ST,ST
500,ORD-001000040,000010,0001,20260501,113.0,113.0,ST,ST
500,ORD-001000041,000010,0001,20260713,69.0,69.0,ST,ST
500,ORD-001000042,000010,0001,20260724,418.0,418.0,ST,ST
500,ORD-001000042,000020,0001,20260804,426.0,426.0,ST,ST
500,ORD-001000043,000010,0001,20260728,142.0,142.0,ST,ST
500,ORD-001000044,000010,0001,20260606,172.0,172.0,ST,ST
500,ORD-001000045,000010,0001,20260402,110.0,110.0,ST,ST
500,ORD-001000046,000010,0001,20260813,200.0,200.0,ST,ST
500,ORD-001000047,000010,0001,20260702,437.0,437.0,ST,ST
500,ORD-001000047,000020,0001,20260803,383.0,383.0,ST,ST
500,ORD-001000048,000010,0001,20260628,173.0,173.0,ST,ST
500,ORD-001000049,000010,0001,20260808,304.0,304.0,ST,ST
500,ORD-001000050,000010,0001,20260622,134.0,134.0,ST,ST
500,ORD-001000051,000010,0001,20260406,130.0,130.0,ST,ST
500,ORD-001000051,000020,0001,20260802,10.0,10.0,ST,ST
500,ORD-001000052,000010,0001,20260519,487.0,487.0,LE,LE
500,ORD-001000053,000010,0001,20260511,289.0,289.0,ST,ST
500,ORD-001000053,000020,0001,20260521,359.0,359.0,ST,ST
500,ORD-001000053,000030,0001,20260819,86.0,86.0,ST,ST
500,ORD-001000054,000010,0001,20260621,347.0,347.0,ST,ST
500,ORD-001000054,000020,0001,20260506,483.0,483.0,ST,ST
500,ORD-001000055,000010,0001,20260416,413.0,413.0,ST,ST
500,ORD-001000055,000020,0001,20260327,401.0,401.0,ST,ST
500,ORD-001000055,000030,0001,20260704,273.0,273.0,ST,ST
500,ORD-001000056,000010,0001,20260705,55.0,55.0,ST,ST
500,ORD-001000056,000020,0001,20260712,326.0,326.0,ST,ST
500,ORD-001000057,000010,0001,20260801,414.0,414.0,ST,ST
500,ORD-001000057,000020,0001,20260706,239.0,239.0,ST,ST
500,ORD-001000058,000010,0001,20260713,125.0,125.0,ST,ST
500,ORD-001000058,000020,0001,20260622,313.0,313.0,ST,ST
500,ORD-001000059,000010,0001,20260527,175.0,175.0,ST,ST
500,ORD-001000059,000020,0001,20260526,360.0,360.0,ST,ST
500,ORD-001000060,000010,0001,20260517,285.0,285.0,ST,ST
500,ORD-001000060,000020,0001,20260829,244.0,244.0,ST,ST
500,ORD-001000061,000010,0001,20260518,355.0,355.0,ST,ST
500,ORD-001000062,000010,0001,20260615,170.0,170.0,ST,ST
500,ORD-001000062,000020,0001,20260525,233.0,233.0,SD,SD
500,ORD-001000062,000030,0001,20260515,129.0,129.0,ST,ST
500,ORD-001000063,000010,0001,20260511,99.0,99.0,ST,ST
500,ORD-001000063,000020,0001,20260526,248.0,248.0,ST,ST
500,ORD-001000063,000030,0001,20260729,302.0,302.0,ST,ST
500,ORD-001000064,000010,0001,20260731,8.0,8.0,ST,ST
500,ORD-001000065,000010,0001,20260720,445.0,445.0,ST,ST
500,ORD-001000066,000010,0001,20260330,495.0,495.0,ST,ST
500,ORD-001000066,000020,0001,20260717,482.0,482.0,ST,ST
500,ORD-001000067,000010,0001,20260424,78.0,78.0,ST,ST
500,ORD-001000067,000020,0001,20260602,486.0,486.0,ST,ST
500,ORD-001000067,000030,0001,20260416,128.0,128.0,ST,ST
500,ORD-001000068,000010,0001,20260708,231.0,231.0,ST,ST
500,ORD-001000068,000020,0001,20260814,441.0,441.0,ST,ST
500,ORD-001000068,000030,0001,20260809,157.0,157.0,ST,ST
500,ORD-001000069,000010,0001,20260523,109.0,109.0,ST,ST
500,ORD-001000070,000010,0001,20260710,210.0,210.0,ST,ST
500,ORD-001000071,000010,0001,20260711,441.0,441.0,SD,SD
500,ORD-001000071,000020,0001,20260515,352.0,352.0,ST,ST
500,ORD-001000072,000010,0001,20260422,424.0,424.0,ST,ST
500,ORD-001000073,000010,0001,20260417,225.0,225.0,ST,ST
500,ORD-001000073,000020,0001,20260602,353.0,353.0,ST,ST
500,ORD-001000073,000030,0001,20260525,207.0,207.0,SD,SD
500,ORD-001000074,000010,0001,20260520,310.0,310.0,ST,ST
500,ORD-001000074,000020,0001,20260514,47.0,47.0,LE,LE
500,ORD-001000074,000030,0001,20260811,429.0,429.0,ST,ST
500,ORD-001000075,000010,0001,20260830,266.0,266.0,ST,ST
500,ORD-001000076,000010,0001,20260614,241.0,241.0,UN,UN
500,ORD-001000076,000020,0001,20260607,171.0,171.0,UN,UN
500,ORD-001000077,000010,0001,20260627,484.0,484.0,ST,ST
500,ORD-001000077,000020,0001,20260711,19.0,19.0,ST,ST
500,ORD-001000078,000010,0001,20260317,423.0,423.0,ST,ST
500,ORD-001000078,000020,0001,20260802,446.0,446.0,ST,ST
500,ORD-001000079,000010,0001,20260330,227.0,227.0,ST,ST
500,ORD-001000079,000020,0001,20260804,137.0,137.0,ST,ST
500,ORD-001000080,000010,0001,20260517,410.0,410.0,LE,LE
500,ORD-001000080,000020,0001,20260604,82.0,82.0,ST,ST
500,ORD-001000080,000030,0001,20260805,8.0,8.0,ST,ST
500,ORD-001000081,000010,0001,20260530,256.0,256.0,ST,ST
500,ORD-001000081,000020,0001,20260525,362.0,362.0,ST,ST
500,ORD-001000081,000030,0001,20260718,428.0,428.0,ST,ST
500,ORD-001000082,000010,0001,20260420,383.0,383.0,ST,ST
500,ORD-001000082,000020,0001,20260701,142.0,142.0,ST,ST
500,ORD-001000082,000030,0001,20260724,479.0,479.0,ST,ST
500,ORD-001000083,000010,0001,20260424,251.0,251.0,ST,ST
500,ORD-001000083,000020,0001,20260718,276.0,276.0,ST,ST
500,ORD-001000083,000030,0001,20260805,171.0,171.0,ST,ST
500,ORD-001000084,000010,0001,20260515,197.0,197.0,ST,ST
500,ORD-001000085,000010,0001,20260830,340.0,340.0,ST,ST
500,ORD-001000085,000020,0001,20260326,254.0,254.0,ST,ST
500,ORD-001000086,000010,0001,20260711,270.0,270.0,ST,ST
500,ORD-001000086,000020,0001,20260422,370.0,370.0,ST,ST
500,ORD-001000087,000010,0001,20260626,355.0,355.0,ST,ST
500,ORD-001000087,000020,0001,20260609,42.0,42.0,ST,ST
500,ORD-001000088,000010,0001,20260822,19.0,19.0,ST,ST
500,ORD-001000088,000020,0001,20260825,121.0,121.0,ST,ST
500,ORD-001000089,000010,0001,20260411,447.0,447.0,ST,ST
500,ORD-001000089,000020,0001,20260601,86.0,86.0,ST,ST
500,ORD-001000089,000030,0001,20260608,24.0,24.0,LE,LE
500,ORD-001000090,000010,0001,20260502,290.0,290.0,UN,UN
500,ORD-001000090,000020,0001,20260406,90.0,90.0,LE,LE
500,ORD-001000090,000030,0001,20260622,446.0,446.0,ST,ST
500,ORD-001000091,000010,0001,20260521,236.0,236.0,ST,ST
500,ORD-001000091,000020,0001,20260714,5.0,5.0,ST,ST
500,ORD-001000091,000030,0001,20260803,347.0,347.0,ST,ST
500,ORD-001000092,000010,0001,20260520,354.0,354.0,ST,ST
500,ORD-001000092,000020,0001,20260602,433.0,433.0,ST,ST
500,ORD-001000092,000030,0001,20260718,197.0,197.0,UN,UN
500,ORD-001000093,000010,0001,20260626,12.0,12.0,ST,ST
500,ORD-001000093,000020,0001,20260808,5.0,5.0,ST,ST
500,ORD-001000093,000030,0001,20260329,399.0,399.0,ST,ST
500,ORD-001000094,000010,0001,20260504,326.0,326.0,ST,ST
500,ORD-001000094,000020,0001,20260421,129.0,129.0,ST,ST
500,ORD-001000095,000010,0001,20260618,297.0,297.0,LE,LE
500,ORD-001000095,000020,0001,20260409,68.0,68.0,ST,ST
500,ORD-001000096,000010,0001,20260723,272.0,272.0,ST,ST
500,ORD-001000096,000020,0001,20260428,426.0,426.0,ST,ST
500,ORD-001000096,000030,0001,20260718,468.0,468.0,ST,ST
500,ORD-001000097,000010,0001,20260626,371.0,371.0,ST,ST
500,ORD-001000098,000010,0001,20260619,233.0,233.0,ST,ST
500,ORD-001000098,000020,0001,20260523,384.0,384.0,ST,ST
500,ORD-001000098,000030,0001,20260827,196.0,196.0,ST,ST
500,ORD-001000099,000010,0001,20260820,469.0,469.0,ST,ST
500,ORD-001000099,000020,0001,20260402,332.0,332.0,ST,ST
500,ORD-001000099,000030,0001,20260713,422.0,422.0,ST,ST
500,ORD-001000100,000010,0001,20260415,253.0,253.0,ST,ST
500,ORD-001000101,000010,0001,20260802,357.0,357.0,ST,ST
500,ORD-001000101,000020,0001,20260425,301.0,301.0,ST,ST
500,ORD-001000101,000030,0001,20260411,336.0,336.0,ST,ST
500,ORD-001000102,000010,0001,20260516,487.0,487.0,ST,ST
500,ORD-001000102,000020,0001,20260619,51.0,51.0,ST,ST
500,ORD-001000103,000010,0001,20260510,340.0,340.0,UN,UN
500,ORD-001000103,000020,0001,20260816,328.0,328.0,ST,ST
500,ORD-001000104,000010,0001,20260805,36.0,36.0,ST,ST
500,ORD-001000104,000020,0001,20260511,301.0,301.0,ST,ST
500,ORD-001000104,000030,0001,20260423,169.0,169.0,ST,ST
500,ORD-001000105,000010,0001,20260323,57.0,57.0,ST,ST
500,ORD-001000105,000020,0001,20260616,8.0,8.0,ST,ST
500,ORD-001000106,000010,0001,20260415,270.0,270.0,ST,ST
500,ORD-001000106,000020,0001,20260716,33.0,33.0,ST,ST
500,ORD-001000106,000030,0001,20260617,399.0,399.0,ST,ST
500,ORD-001000107,000010,0001,20260728,402.0,402.0,ST,ST
500,ORD-001000108,000010,0001,20260413,352.0,352.0,ST,ST
500,ORD-001000108,000020,0001,20260708,365.0,365.0,ST,ST
500,ORD-001000109,000010,0001,20260813,325.0,325.0,ST,ST
500,ORD-001000109,000020,0001,20260608,365.0,365.0,ST,ST
500,ORD-001000110,000010,0001,20260830,59.0,59.0,SD,SD
500,ORD-001000111,000010,0001,20260701,205.0,205.0,ST,ST
500,ORD-001000111,000020,0001,20260605,49.0,49.0,ST,ST
500,ORD-001000112,000010,0001,20260409,35.0,35.0,ST,ST
500,ORD-001000112,000020,0001,20260705,48.0,48.0,ST,ST
500,ORD-001000112,000030,0001,20260620,382.0,382.0,ST,ST
500,ORD-001000113,000010,0001,20260703,182.0,182.0,UN,UN
500,ORD-001000114,000010,0001,20260425,109.0,109.0,ST,ST
500,ORD-001000114,000020,0001,20260513,247.0,247.0,ST,ST
500,ORD-001000114,000030,0001,20260806,180.0,180.0,LE,LE
500,ORD-001000115,000010,0001,20260828,315.0,315.0,ST,ST
500,ORD-001000115,000020,0001,20260819,14.0,14.0,ST,ST
500,ORD-001000115,000030,0001,20260524,425.0,425.0,ST,ST
500,ORD-001000116,000010,0001,20260422,93.0,93.0,ST,ST
500,ORD-001000116,000020,0001,20260627,337.0,337.0,ST,ST
500,ORD-001000117,000010,0001,20260621,111.0,111.0,ST,ST
500,ORD-001000117,000020,0001,20260612,233.0,233.0,ST,ST
500,ORD-001000117,000030,0001,20260604,190.0,190.0,ST,ST
500,ORD-001000118,000010,0001,20260822,387.0,387.0,ST,ST
500,ORD-001000119,000010,0001,20260525,213.0,213.0,ST,ST
500,ORD-001000119,000020,0001,20260726,387.0,387.0,ST,ST
500,ORD-001000119,000030,0001,20260705,177.0,177.0,ST,ST
500,ORD-001000120,000010,0001,20260512,24.0,24.0,ST,ST
500,ORD-001000120,000020,0001,20260331,307.0,307.0,ST,ST
500,ORD-001000120,000030,0001,20260602,105.0,105.0,ST,ST
500,ORD-001000121,000010,0001,20260430,221.0,221.0,ST,ST
500,ORD-001000121,000020,0001,20260731,195.0,195.0,ST,ST
500,ORD-001000122,000010,0001,20260327,204.0,204.0,ST,ST
500,ORD-001000122,000020,0001,20260712,10.0,10.0,ST,ST
500,ORD-001000123,000010,0001,20260415,149.0,149.0,ST,ST
500,ORD-001000123,000020,0001,20260608,11.0,11.0,ST,ST
500,ORD-001000123,000030,0001,20260822,411.0,411.0,LE,LE
500,ORD-001000124,000010,0001,20260729,206.0,206.0,ST,ST
500,ORD-001000124,000020,0001,20260604,203.0,203.0,ST,ST
500,ORD-001000125,000010,0001,20260730,59.0,59.0,ST,ST
500,ORD-001000125,000020,0001,20260614,100.0,100.0,ST,ST
500,ORD-001000125,000030,0001,20260829,373.0,373.0,ST,ST
500,ORD-001000126,000010,0001,20260405,390.0,390.0,ST,ST
500,ORD-001000126,000020,0001,20260824,488.0,488.0,ST,ST
500,ORD-001000126,000030,0001,20260808,238.0,238.0,ST,ST
500,ORD-001000127,000010,0001,20260424,162.0,162.0,ST,ST
500,ORD-001000127,000020,0001,20260715,35.0,35.0,ST,ST
500,ORD-001000128,000010,0001,20260710,237.0,237.0,ST,ST
500,ORD-001000129,000010,0001,20260724,305.0,305.0,ST,ST
500,ORD-001000130,000010,0001,20260810,466.0,466.0,ST,ST
500,ORD-001000131,000010,0001,20260612,53.0,53.0,ST,ST
500,ORD-001000132,000010,0001,20260729,225.0,225.0,ST,ST
500,ORD-001000132,000020,0001,20260426,313.0,313.0,ST,ST
500,ORD-001000132,000030,0001,20260528,191.0,191.0,ST,ST
500,ORD-001000133,000010,0001,20260402,172.0,172.0,ST,ST
500,ORD-001000133,000020,0001,20260806,49.0,49.0,ST,ST
500,ORD-001000133,000030,0001,20260528,198.0,198.0,ST,ST
500,ORD-001000134,000010,0001,20260625,496.0,496.0,ST,ST
500,ORD-001000134,000020,0001,20260407,305.0,305.0,ST,ST
500,ORD-001000135,000010,0001,20260729,425.0,425.0,SD,SD
500,ORD-001000135,000020,0001,20260703,331.0,331.0,UN,UN
500,ORD-001000135,000030,0001,20260321,186.0,186.0,ST,ST
500,ORD-001000136,000010,0001,20260421,116.0,116.0,ST,ST
500,ORD-001000136,000020,0001,20260531,40.0,40.0,ST,ST
500,ORD-001000137,000010,0001,20260822,449.0,449.0,ST,ST
500,ORD-001000137,000020,0001,20260621,306.0,306.0,ST,ST
500,ORD-001000137,000030,0001,20260502,84.0,84.0,ST,ST
500,ORD-001000138,000010,0001,20260708,122.0,122.0,ST,ST
500,ORD-001000138,000020,0001,20260709,146.0,146.0,ST,ST
500,ORD-001000138,000030,0001,20260517,274.0,274.0,ST,ST
500,ORD-001000139,000010,0001,20260528,394.0,394.0,ST,ST
500,ORD-001000139,000020,0001,20260730,258.0,258.0,ST,ST
500,ORD-001000140,000010,0001,20260620,247.0,247.0,ST,ST
500,ORD-001000141,000010,0001,20260710,140.0,140.0,ST,ST
500,ORD-001000142,000010,0001,20260323,477.0,477.0,ST,ST
500,ORD-001000142,000020,0001,20260626,28.0,28.0,ST,ST
500,ORD-001000143,000010,0001,20260411,164.0,164.0,LE,LE
500,ORD-001000144,000010,0001,20260421,426.0,426.0,SD,SD
500,ORD-001000144,000020,0001,20260709,241.0,241.0,ST,ST
500,ORD-001000145,000010,0001,20260819,482.0,482.0,ST,ST
500,ORD-001000146,000010,0001,20260702,123.0,123.0,ST,ST
500,ORD-001000147,000010,0001,20260825,9.0,9.0,ST,ST
500,ORD-001000147,000020,0001,20260517,295.0,295.0,ST,ST
500,ORD-001000147,000030,0001,20260530,74.0,74.0,ST,ST
500,ORD-001000148,000010,0001,20260407,343.0,343.0,ST,ST
500,ORD-001000149,000010,0001,20260624,11.0,11.0,ST,ST
500,ORD-001000149,000020,0001,20260826,23.0,23.0,ST,ST
500,ORD-001000149,000030,0001,20260520,192.0,192.0,ST,ST
500,ORD-001000150,000010,0001,20260412,322.0,322.0,ST,ST
500,ORD-001000150,000020,0001,20260610,377.0,377.0,ST,ST
500,ORD-001000150,000030,0001,20260615,23.0,23.0,ST,ST
500,ORD-001000151,000010,0001,20260825,246.0,246.0,SD,SD
500,ORD-001000151,000020,0001,20260420,416.0,416.0,ST,ST
500,ORD-001000152,000010,0001,20260604,162.0,162.0,ST,ST
500,ORD-001000153,000010,0001,20260616,147.0,147.0,ST,ST
500,ORD-001000153,000020,0001,20260609,444.0,444.0,ST,ST
500,ORD-001000153,000030,0001,20260619,64.0,64.0,ST,ST
500,ORD-001000154,000010,0001,20260722,255.0,255.0,ST,ST
500,ORD-001000154,000020,0001,20260727,474.0,474.0,ST,ST
500,ORD-001000155,000010,0001,20260607,151.0,151.0,ST,ST
500,ORD-001000156,000010,0001,20260428,219.0,219.0,ST,ST
500,ORD-001000156,000020,0001,20260614,228.0,228.0,ST,ST
500,ORD-001000156,000030,0001,20260615,22.0,22.0,ST,ST
500,ORD-001000157,000010,0001,20260628,327.0,327.0,ST,ST
500,ORD-001000158,000010,0001,20260707,348.0,348.0,LE,LE
500,ORD-001000159,000010,0001,20260809,487.0,487.0,ST,ST
500,ORD-001000159,000020,0001,20260425,310.0,310.0,LE,LE
500,ORD-001000160,000010,0001,20260618,272.0,272.0,ST,ST
500,ORD-001000160,000020,0001,20260830,161.0,161.0,ST,ST
500,ORD-001000160,000030,0001,20260415,128.0,128.0,ST,ST
500,ORD-001000161,000010,0001,20260522,397.0,397.0,ST,ST
500,ORD-001000162,000010,0001,20260404,70.0,70.0,ST,ST
500,ORD-001000163,000010,0001,20260613,342.0,342.0,ST,ST
500,ORD-001000163,000020,0001,20260804,34.0,34.0,ST,ST
500,ORD-001000163,000030,0001,20260601,149.0,149.0,ST,ST
500,ORD-001000164,000010,0001,20260721,405.0,405.0,ST,ST
500,ORD-001000165,000010,0001,20260408,314.0,314.0,ST,ST
500,ORD-001000165,000020,0001,20260626,159.0,159.0,ST,ST
500,ORD-001000165,000030,0001,20260717,369.0,369.0,ST,ST
500,ORD-001000166,000010,0001,20260714,231.0,231.0,ST,ST
500,ORD-001000166,000020,0001,20260613,265.0,265.0,ST,ST
500,ORD-001000166,000030,0001,20260805,450.0,450.0,ST,ST
500,ORD-001000167,000010,0001,20260602,79.0,79.0,ST,ST
500,ORD-001000168,000010,0001,20260506,129.0,129.0,ST,ST
500,ORD-001000168,000020,0001,20260805,490.0,490.0,ST,ST
500,ORD-001000169,000010,0001,20260815,87.0,87.0,ST,ST
500,ORD-001000169,000020,0001,20260429,79.0,79.0,ST,ST
500,ORD-001000169,000030,0001,20260818,320.0,320.0,ST,ST
500,ORD-001000170,000010,0001,20260509,334.0,334.0,ST,ST
500,ORD-001000170,000020,0001,20260822,214.0,214.0,ST,ST
500,ORD-001000170,000030,0001,20260722,16.0,16.0,ST,ST
500,ORD-001000171,000010,0001,20260711,153.0,153.0,ST,ST
500,ORD-001000171,000020,0001,20260401,353.0,353.0,ST,ST
500,ORD-001000171,000030,0001,20260701,226.0,226.0,ST,ST
500,ORD-001000172,000010,0001,20260613,376.0,376.0,ST,ST
500,ORD-001000172,000020,0001,20260619,67.0,67.0,ST,ST
500,ORD-001000172,000030,0001,20260413,288.0,288.0,ST,ST
500,ORD-001000173,000010,0001,20260530,26.0,26.0,ST,ST
500,ORD-001000174,000010,0001,20260426,98.0,98.0,ST,ST
500,ORD-001000174,000020,0001,20260714,264.0,264.0,ST,ST
500,ORD-001000174,000030,0001,20260603,451.0,451.0,ST,ST
500,ORD-001000175,000010,0001,20260329,181.0,181.0,ST,ST
500,ORD-001000176,000010,0001,20260801,147.0,147.0,ST,ST
500,ORD-001000176,000020,0001,20260413,434.0,434.0,ST,ST
500,ORD-001000176,000030,0001,20260523,69.0,69.0,ST,ST
500,ORD-001000177,000010,0001,20260617,100.0,100.0,ST,ST
500,ORD-001000177,000020,0001,20260404,148.0,148.0,ST,ST
500,ORD-001000177,000030,0001,20260710,259.0,259.0,ST,ST
500,ORD-001000178,000010,0001,20260611,192.0,192.0,ST,ST
500,ORD-001000179,000010,0001,20260326,24.0,24.0,ST,ST
500,ORD-001000179,000020,0001,20260610,366.0,366.0,ST,ST
500,ORD-001000179,000030,0001,20260711,266.0,266.0,ST,ST
500,ORD-001000180,000010,0001,20260601,316.0,316.0,ST,ST
500,ORD-001000181,000010,0001,20260321,244.0,244.0,ST,ST
500,ORD-001000181,000020,0001,20260414,170.0,170.0,ST,ST
500,ORD-001000181,000030,0001,20260603,299.0,299.0,ST,ST
500,ORD-001000182,000010,0001,20260330,117.0,117.0,ST,ST
500,ORD-001000182,000020,0001,20260429,246.0,246.0,ST,ST
500,ORD-001000182,000030,0001,20260822,323.0,323.0,ST,ST
500,ORD-001000183,000010,0001,20260321,98.0,98.0,ST,ST
500,ORD-001000183,000020,0001,20260702,161.0,161.0,ST,ST
500,ORD-001000183,000030,0001,20260508,212.0,212.0,ST,ST
500,ORD-001000184,000010,0001,20260421,362.0,362.0,ST,ST
500,ORD-001000184,000020,0001,20260807,107.0,107.0,ST,ST
500,ORD-001000184,000030,0001,20260717,340.0,340.0,ST,ST
500,ORD-001000185,000010,0001,20260828,182.0,182.0,ST,ST
500,ORD-001000185,000020,0001,20260820,136.0,136.0,ST,ST
500,ORD-001000186,000010,0001,20260509,361.0,361.0,ST,ST
500,ORD-001000186,000020,0001,20260720,361.0,361.0,ST,ST
500,ORD-001000187,000010,0001,20260417,148.0,148.0,ST,ST
500,ORD-001000187,000020,0001,20260803,347.0,347.0,ST,ST
500,ORD-001000187,000030,0001,20260626,459.0,459.0,ST,ST
500,ORD-001000188,000010,0001,20260708,474.0,474.0,ST,ST
500,ORD-001000189,000010,0001,20260807,478.0,478.0,ST,ST
500,ORD-001000189,000020,0001,20260421,140.0,140.0,SD,SD
500,ORD-001000189,000030,0001,20260814,316.0,316.0,LE,LE
500,ORD-001000190,000010,0001,20260411,27.0,27.0,ST,ST
500,ORD-001000190,000020,0001,20260715,170.0,170.0,UN,UN
500,ORD-001000190,000030,0001,20260421,349.0,349.0,ST,ST
500,ORD-001000191,000010,0001,20260529,103.0,103.0,ST,ST
500,ORD-001000191,000020,0001,20260829,147.0,147.0,ST,ST
500,ORD-001000192,000010,0001,20260430,468.0,468.0,LE,LE
500,ORD-001000192,000020,0001,20260501,452.0,452.0,ST,ST
500,ORD-001000192,000030,0001,20260626,429.0,429.0,LE,LE
500,ORD-001000193,000010,0001,20260413,309.0,309.0,ST,ST
500,ORD-001000193,000020,0001,20260711,146.0,146.0,ST,ST
500,ORD-001000194,000010,0001,20260414,415.0,415.0,ST,ST
500,ORD-001000194,000020,0001,20260712,84.0,84.0,ST,ST
500,ORD-001000195,000010,0001,20260505,346.0,346.0,ST,ST
500,ORD-001000195,000020,0001,20260827,313.0,313.0,ST,ST
500,ORD-001000196,000010,0001,20260717,72.0,72.0,ST,ST
500,ORD-001000197,000010,0001,20260813,155.0,155.0,ST,ST
500,ORD-001000197,000020,0001,20260319,294.0,294.0,ST,ST
500,ORD-001000198,000010,0001,20260628,82.0,82.0,ST,ST
500,ORD-001000198,000020,0001,20260604,258.0,258.0,ST,ST
500,ORD-001000199,000010,0001,20260425,245.0,245.0,ST,ST
500,ORD-001000200,000010,0001,20260511,423.0,423.0,ST,ST
500,ORD-001000200,000020,0001,20260816,349.0,349.0,ST,ST
500,ORD-001000200,000030,0001,20260709,270.0,270.0,ST,ST
500,ORD-001000201,000010,0001,20260810,104.0,104.0,ST,ST
500,ORD-001000201,000020,0001,20260428,77.0,77.0,ST,ST
500,ORD-001000201,000030,0001,20260728,438.0,438.0,ST,ST
500,ORD-001000202,000010,0001,20260331,229.0,229.0,ST,ST
500,ORD-001000203,000010,0001,20260603,345.0,345.0,ST,ST
500,ORD-001000203,000020,0001,20260626,12.0,12.0,ST,ST
500,ORD-001000203,000030,0001,20260317,419.0,419.0,ST,ST
500,ORD-001000204,000010,0001,20260401,278.0,278.0,ST,ST
500,ORD-001000204,000020,0001,20260715,479.0,479.0,ST,ST
500,ORD-001000204,000030,0001,20260629,147.0,147.0,LE,LE
500,ORD-001000205,000010,0001,20260621,230.0,230.0,ST,ST
500,ORD-001000205,000020,0001,20260802,42.0,42.0,ST,ST
500,ORD-001000206,000010,0001,20260513,373.0,373.0,ST,ST
500,ORD-001000206,000020,0001,20260322,388.0,388.0,ST,ST
500,ORD-001000206,000030,0001,20260803,238.0,238.0,ST,ST
500,ORD-001000207,000010,0001,20260414,97.0,97.0,ST,ST
500,ORD-001000208,000010,0001,20260411,35.0,35.0,ST,ST
500,ORD-001000209,000010,0001,20260627,23.0,23.0,ST,ST
500,ORD-001000210,000010,0001,20260530,258.0,258.0,ST,ST
500,ORD-001000211,000010,0001,20260422,155.0,155.0,ST,ST
500,ORD-001000211,000020,0001,20260512,267.0,267.0,ST,ST
500,ORD-001000212,000010,0001,20260704,321.0,321.0,ST,ST
500,ORD-001000212,000020,0001,20260329,254.0,254.0,ST,ST
500,ORD-001000212,000030,0001,20260828,483.0,483.0,ST,ST
500,ORD-001000213,000010,0001,20260503,193.0,193.0,ST,ST
500,ORD-001000214,000010,0001,20260331,469.0,469.0,ST,ST
500,ORD-001000215,000010,0001,20260609,105.0,105.0,ST,ST
500,ORD-001000216,000010,0001,20260621,138.0,138.0,ST,ST
500,ORD-001000217,000010,0001,20260511,287.0,287.0,ST,ST
500,ORD-001000217,000020,0001,20260610,107.0,107.0,ST,ST
500,ORD-001000217,000030,0001,20260320,490.0,490.0,ST,ST
500,ORD-001000218,000010,0001,20260818,357.0,357.0,ST,ST
500,ORD-001000218,000020,0001,20260626,105.0,105.0,ST,ST
500,ORD-001000219,000010,0001,20260617,134.0,134.0,ST,ST
500,ORD-001000219,000020,0001,20260722,452.0,452.0,ST,ST
500,ORD-001000220,000010,0001,20260630,161.0,161.0,ST,ST
500,ORD-001000221,000010,0001,20260701,369.0,369.0,ST,ST
500,ORD-001000221,000020,0001,20260506,79.0,79.0,ST,ST
500,ORD-001000221,000030,0001,20260622,118.0,118.0,ST,ST
500,ORD-001000222,000010,0001,20260720,391.0,391.0,ST,ST
500,ORD-001000222,000020,0001,20260720,329.0,329.0,ST,ST
500,ORD-001000223,000010,0001,20260503,251.0,251.0,ST,ST
500,ORD-001000223,000020,0001,20260401,329.0,329.0,ST,ST
500,ORD-001000223,000030,0001,20260405,18.0,18.0,ST,ST
500,ORD-001000224,000010,0001,20260424,363.0,363.0,ST,ST
500,ORD-001000225,000010,0001,20260821,479.0,479.0,ST,ST
500,ORD-001000225,000020,0001,20260719,338.0,338.0,ST,ST
500,ORD-001000225,000030,0001,20260731,4.0,4.0,ST,ST
500,ORD-001000226,000010,0001,20260723,9.0,9.0,ST,ST
500,ORD-001000226,000020,0001,20260705,346.0,346.0,SD,SD
500,ORD-001000226,000030,0001,20260410,55.0,55.0,ST,ST
500,ORD-001000227,000010,0001,20260626,408.0,408.0,ST,ST
500,ORD-001000227,000020,0001,20260628,192.0,192.0,ST,ST
500,ORD-001000228,000010,0001,20260830,440.0,440.0,ST,ST
500,ORD-001000229,000010,0001,20260319,327.0,327.0,ST,ST
500,ORD-001000229,000020,0001,20260407,88.0,88.0,SD,SD
500,ORD-001000230,000010,0001,20260327,471.0,471.0,ST,ST
500,ORD-001000231,000010,0001,20260527,474.0,474.0,ST,ST
500,ORD-001000232,000010,0001,20260626,386.0,386.0,ST,ST
500,ORD-001000232,000020,0001,20260427,154.0,154.0,ST,ST
500,ORD-001000232,000030,0001,20260809,124.0,124.0,ST,ST
500,ORD-001000233,000010,0001,20260723,41.0,41.0,ST,ST
500,ORD-001000233,000020,0001,20260613,499.0,499.0,ST,ST
500,ORD-001000233,000030,0001,20260706,51.0,51.0,ST,ST
500,ORD-001000234,000010,0001,20260826,16.0,16.0,ST,ST
500,ORD-001000234,000020,0001,20260710,402.0,402.0,ST,ST
500,ORD-001000235,000010,0001,20260622,300.0,300.0,ST,ST
500,ORD-001000236,000010,0001,20260826,365.0,365.0,ST,ST
500,ORD-001000237,000010,0001,20260525,185.0,185.0,ST,ST
500,ORD-001000237,000020,0001,20260408,68.0,68.0,LE,LE
500,ORD-001000238,000010,0001,20260615,46.0,46.0,LE,LE
500,ORD-001000239,000010,0001,20260624,212.0,212.0,ST,ST
500,ORD-001000240,000010,0001,20260622,87.0,87.0,ST,ST
500,ORD-001000240,000020,0001,20260524,72.0,72.0,LE,LE
500,ORD-001000240,000030,0001,20260721,138.0,138.0,ST,ST
500,ORD-001000241,000010,0001,20260520,185.0,185.0,ST,ST
500,ORD-001000241,000020,0001,20260824,370.0,370.0,ST,ST
500,ORD-001000242,000010,0001,20260822,431.0,431.0,ST,ST
500,ORD-001000242,000020,0001,20260609,412.0,412.0,ST,ST
500,ORD-001000243,000010,0001,20260507,309.0,309.0,ST,ST
500,ORD-001000243,000020,0001,20260501,161.0,161.0,ST,ST
500,ORD-001000244,000010,0001,20260621,167.0,167.0,ST,ST
500,ORD-001000244,000020,0001,20260625,419.0,419.0,ST,ST
500,ORD-001000244,000030,0001,20260808,59.0,59.0,ST,ST
500,ORD-001000245,000010,0001,20260707,108.0,108.0,ST,ST
500,ORD-001000245,000020,0001,20260403,426.0,426.0,ST,ST
500,ORD-001000246,000010,0001,20260703,367.0,367.0,ST,ST
500,ORD-001000246,000020,0001,20260709,38.0,38.0,ST,ST
500,ORD-001000246,000030,0001,20260813,246.0,246.0,ST,ST
500,ORD-001000247,000010,0001,20260801,459.0,459.0,SD,SD
500,ORD-001000247,000020,0001,20260407,327.0,327.0,ST,ST
500,ORD-001000248,000010,0001,20260829,289.0,289.0,ST,ST
500,ORD-001000248,000020,0001,20260627,332.0,332.0,ST,ST
500,ORD-001000248,000030,0001,20260705,495.0,495.0,ST,ST
500,ORD-001000249,000010,0001,20260811,298.0,298.0,ST,ST
500,ORD-001000249,000020,0001,20260620,229.0,229.0,ST,ST
500,ORD-001000249,000030,0001,20260814,238.0,238.0,ST,ST
500,ORD-001000250,000010,0001,20260407,213.0,213.0,ST,ST
500,ORD-001000251,000010,0001,20260614,248.0,248.0,ST,ST
500,ORD-001000252,000010,0001,20260415,23.0,23.0,ST,ST
500,ORD-001000253,000010,0001,20260430,265.0,265.0,ST,ST
500,ORD-001000253,000020,0001,20260609,82.0,82.0,ST,ST
500,ORD-001000253,000030,0001,20260713,219.0,219.0,ST,ST
500,ORD-001000254,000010,0001,20260821,15.0,15.0,ST,ST
500,ORD-001000254,000020,0001,20260815,231.0,231.0,UN,UN
500,ORD-001000255,000010,0001,20260412,296.0,296.0,ST,ST
500,ORD-001000255,000020,0001,20260618,96.0,96.0,ST,ST
500,ORD-001000255,000030,0001,20260712,101.0,101.0,ST,ST
500,ORD-001000256,000010,0001,20260820,199.0,199.0,ST,ST
500,ORD-001000256,000020,0001,20260415,301.0,301.0,ST,ST
500,ORD-001000257,000010,0001,20260821,471.0,471.0,ST,ST
500,ORD-001000257,000020,0001,20260420,44.0,44.0,ST,ST
500,ORD-001000257,000030,0001,20260517,61.0,61.0,ST,ST
500,ORD-001000258,000010,0001,20260421,306.0,306.0,ST,ST
500,ORD-001000258,000020,0001,20260703,197.0,197.0,ST,ST
500,ORD-001000259,000010,0001,20260720,86.0,86.0,ST,ST
500,ORD-001000260,000010,0001,20260319,488.0,488.0,ST,ST
500,ORD-001000261,000010,0001,20260720,210.0,210.0,ST,ST
500,ORD-001000261,000020,0001,20260708,364.0,364.0,ST,ST
500,ORD-001000261,000030,0001,20260407,86.0,86.0,ST,ST
500,ORD-001000262,000010,0001,20260712,87.0,87.0,ST,ST
500,ORD-001000262,000020,0001,20260721,381.0,381.0,ST,ST
500,ORD-001000262,000030,0001,20260414,262.0,262.0,ST,ST
500,ORD-001000263,000010,0001,20260707,390.0,390.0,ST,ST
500,ORD-001000263,000020,0001,20260703,112.0,112.0,ST,ST
500,ORD-001000263,000030,0001,20260519,377.0,377.0,LE,LE
500,ORD-001000264,000010,0001,20260416,444.0,444.0,ST,ST
500,ORD-001000265,000010,0001,20260825,313.0,313.0,ST,ST
500,ORD-001000265,000020,0001,20260821,85.0,85.0,ST,ST
500,ORD-001000266,000010,0001,20260801,306.0,306.0,ST,ST
500,ORD-001000266,000020,0001,20260530,166.0,166.0,LE,LE
500,ORD-001000266,000030,0001,20260524,294.0,294.0,ST,ST
500,ORD-001000267,000010,0001,20260419,65.0,65.0,ST,ST
500,ORD-001000267,000020,0001,20260607,75.0,75.0,ST,ST
500,ORD-001000268,000010,0001,20260710,193.0,193.0,ST,ST
500,ORD-001000268,000020,0001,20260409,325.0,325.0,ST,ST
500,ORD-001000268,000030,0001,20260527,264.0,264.0,ST,ST
500,ORD-001000269,000010,0001,20260712,375.0,375.0,UN,UN
500,ORD-001000269,000020,0001,20260616,341.0,341.0,ST,ST
500,ORD-001000269,000030,0001,20260731,408.0,408.0,ST,ST
500,ORD-001000270,000010,0001,20260811,281.0,281.0,ST,ST
500,ORD-001000270,000020,0001,20260719,290.0,290.0,ST,ST
500,ORD-001000271,000010,0001,20260426,64.0,64.0,ST,ST
500,ORD-001000271,000020,0001,20260317,234.0,234.0,ST,ST
500,ORD-001000272,000010,0001,20260617,48.0,48.0,ST,ST
500,ORD-001000273,000010,0001,20260603,321.0,321.0,ST,ST
500,ORD-001000274,000010,0001,20260405,245.0,245.0,ST,ST
500,ORD-001000275,000010,0001,20260416,419.0,419.0,ST,ST
500,ORD-001000275,000020,0001,20260419,356.0,356.0,ST,ST
500,ORD-001000275,000030,0001,20260514,37.0,37.0,ST,ST
500,ORD-001000276,000010,0001,20260622,71.0,71.0,ST,ST
500,ORD-001000276,000020,0001,20260422,329.0,329.0,ST,ST
500,ORD-001000277,000010,0001,20260510,370.0,370.0,ST,ST
500,ORD-001000277,000020,0001,20260424,384.0,384.0,ST,ST
500,ORD-001000278,000010,0001,20260623,374.0,374.0,ST,ST
500,ORD-001000279,000010,0001,20260805,128.0,128.0,ST,ST
500,ORD-001000279,000020,0001,20260819,308.0,308.0,ST,ST
500,ORD-001000279,000030,0001,20260323,399.0,399.0,ST,ST
500,ORD-001000280,000010,0001,20260829,152.0,152.0,ST,ST
500,ORD-001000280,000020,0001,20260517,402.0,402.0,ST,ST
500,ORD-001000280,000030,0001,20260414,198.0,198.0,ST,ST
500,ORD-001000281,000010,0001,20260624,68.0,68.0,ST,ST
500,ORD-001000281,000020,0001,20260618,216.0,216.0,ST,ST
500,ORD-001000282,000010,0001,20260511,135.0,135.0,ST,ST
500,ORD-001000283,000010,0001,20260627,217.0,217.0,ST,ST
500,ORD-001000283,000020,0001,20260801,328.0,328.0,ST,ST
500,ORD-001000283,000030,0001,20260425,316.0,316.0,ST,ST
500,ORD-001000284,000010,0001,20260625,168.0,168.0,ST,ST
500,ORD-001000285,000010,0001,20260408,126.0,126.0,ST,ST
500,ORD-001000286,000010,0001,20260430,337.0,337.0,ST,ST
500,ORD-001000286,000020,0001,20260421,7.0,7.0,ST,ST
500,ORD-001000286,000030,0001,20260427,6.0,6.0,SD,SD
500,ORD-001000287,000010,0001,20260418,191.0,191.0,LE,LE
500,ORD-001000287,000020,0001,20260524,400.0,400.0,ST,ST
500,ORD-001000288,000010,0001,20260811,135.0,135.0,ST,ST
500,ORD-001000288,000020,0001,20260722,40.0,40.0,ST,ST
500,ORD-001000288,000030,0001,20260617,262.0,262.0,ST,ST
500,ORD-001000289,000010,0001,20260415,346.0,346.0,ST,ST
500,ORD-001000290,000010,0001,20260618,242.0,242.0,ST,ST
500,ORD-001000291,000010,0001,20260513,215.0,215.0,ST,ST
500,ORD-001000291,000020,0001,20260701,128.0,128.0,ST,ST
500,ORD-001000291,000030,0001,20260525,164.0,164.0,ST,ST
500,ORD-001000292,000010,0001,20260727,412.0,412.0,ST,ST
500,ORD-001000293,000010,0001,20260805,45.0,45.0,ST,ST
500,ORD-001000293,000020,0001,20260619,5.0,5.0,ST,ST
500,ORD-001000294,000010,0001,20260815,189.0,189.0,ST,ST
500,ORD-001000295,000010,0001,20260629,478.0,478.0,ST,ST
500,ORD-001000296,000010,0001,20260621,1.0,1.0,ST,ST
500,ORD-001000297,000010,0001,20260401,493.0,493.0,ST,ST
500,ORD-001000297,000020,0001,20260527,365.0,365.0,ST,ST
500,ORD-001000298,000010,0001,20260812,44.0,44.0,ST,ST
500,ORD-001000298,000020,0001,20260420,259.0,259.0,ST,ST
500,ORD-001000299,000010,0001,20260530,122.0,122.0,ST,ST
500,ORD-001000299,000020,0001,20260605,436.0,436.0,ST,ST
500,ORD-001000299,000030,0001,20260608,359.0,359.0,ST,ST
